solid 
facet normal 0.6617073 -0.7218625 -0.20262806
 outer loop
  vertex 0.46875 -0.7578125 0.2421875
  vertex 0.5 -0.6875 0.09375
  vertex 0.5625 -0.671875 0.2421875
 endloop
endfacet
facet normal -0.6617073 -0.7218625 -0.20262806
 outer loop
  vertex -0.5 -0.6875 0.09375
  vertex -0.46875 -0.7578125 0.2421875
  vertex -0.5625 -0.671875 0.2421875
 endloop
endfacet
facet normal 0.82683414 -0.47247663 -0.30514118
 outer loop
  vertex 0.5625 -0.671875 0.2421875
  vertex 0.546875 -0.578125 0.0546875
  vertex 0.625 -0.5625 0.2421875
 endloop
endfacet
facet normal -0.82683414 -0.47247663 -0.30514118
 outer loop
  vertex -0.546875 -0.578125 0.0546875
  vertex -0.5625 -0.671875 0.2421875
  vertex -0.625 -0.5625 0.2421875
 endloop
endfacet
facet normal 0.4076249 -0.457034 -0.7905453
 outer loop
  vertex 0.5 -0.6875 0.09375
  vertex 0.3515625 -0.6171875 -0.0234375
  vertex 0.546875 -0.578125 0.0546875
 endloop
endfacet
facet normal -0.4076249 -0.457034 -0.7905453
 outer loop
  vertex -0.3515625 -0.6171875 -0.0234375
  vertex -0.5 -0.6875 0.09375
  vertex -0.546875 -0.578125 0.0546875
 endloop
endfacet
facet normal 0.37906674 -0.76793694 -0.51631504
 outer loop
  vertex 0.4375 -0.765625 0.1640625
  vertex 0.3515625 -0.71875 0.03125
  vertex 0.5 -0.6875 0.09375
 endloop
endfacet
facet normal -0.37906674 -0.76793694 -0.51631504
 outer loop
  vertex -0.3515625 -0.71875 0.03125
  vertex -0.4375 -0.765625 0.1640625
  vertex -0.5 -0.6875 0.09375
 endloop
endfacet
facet normal -0.08588175 -0.8485117 -0.52216107
 outer loop
  vertex 0.3515625 -0.78125 0.1328125
  vertex 0.203125 -0.7421875 0.09375
  vertex 0.3515625 -0.71875 0.03125
 endloop
endfacet
facet normal 0.08588175 -0.8485117 -0.52216107
 outer loop
  vertex -0.203125 -0.7421875 0.09375
  vertex -0.3515625 -0.78125 0.1328125
  vertex -0.3515625 -0.71875 0.03125
 endloop
endfacet
facet normal -0.2663503 -0.45697358 -0.8486652
 outer loop
  vertex 0.3515625 -0.71875 0.03125
  vertex 0.15625 -0.6484375 0.0546875
  vertex 0.3515625 -0.6171875 -0.0234375
 endloop
endfacet
facet normal 0.2663503 -0.45697358 -0.8486652
 outer loop
  vertex -0.15625 -0.6484375 0.0546875
  vertex -0.3515625 -0.71875 0.03125
  vertex -0.3515625 -0.6171875 -0.0234375
 endloop
endfacet
facet normal -0.7824202 -0.52847683 -0.32944012
 outer loop
  vertex 0.140625 -0.7421875 0.2421875
  vertex 0.15625 -0.6484375 0.0546875
  vertex 0.203125 -0.7421875 0.09375
 endloop
endfacet
facet normal 0.76057005 -0.55314183 -0.33995178
 outer loop
  vertex -0.140625 -0.7421875 0.2421875
  vertex -0.15625 -0.6484375 0.0546875
  vertex -0.078125 -0.65625 0.2421875
 endloop
endfacet
facet normal -0.4767313 -0.8581163 -0.19069251
 outer loop
  vertex 0.2421875 -0.796875 0.2421875
  vertex 0.203125 -0.7421875 0.09375
  vertex 0.2734375 -0.796875 0.1640625
 endloop
endfacet
facet normal 0.46492696 -0.8634358 -0.19575872
 outer loop
  vertex -0.2421875 -0.796875 0.2421875
  vertex -0.203125 -0.7421875 0.09375
  vertex -0.140625 -0.7421875 0.2421875
 endloop
endfacet
facet normal -0.46492696 -0.8634358 0.19575872
 outer loop
  vertex 0.2421875 -0.796875 0.2421875
  vertex 0.203125 -0.7421875 0.390625
  vertex 0.140625 -0.7421875 0.2421875
 endloop
endfacet
facet normal 0.46492696 -0.8634358 0.19575872
 outer loop
  vertex -0.203125 -0.7421875 0.390625
  vertex -0.2421875 -0.796875 0.2421875
  vertex -0.140625 -0.7421875 0.2421875
 endloop
endfacet
facet normal -0.7655678 -0.5567766 0.32234433
 outer loop
  vertex 0.203125 -0.7421875 0.390625
  vertex 0.078125 -0.65625 0.2421875
  vertex 0.140625 -0.7421875 0.2421875
 endloop
endfacet
facet normal 0.7683498 -0.5488213 0.32929277
 outer loop
  vertex -0.203125 -0.7421875 0.390625
  vertex -0.078125 -0.65625 0.2421875
  vertex -0.15625 -0.6484375 0.4375
 endloop
endfacet
facet normal -0.25598687 -0.531665 0.8073432
 outer loop
  vertex 0.3515625 -0.71875 0.453125
  vertex 0.15625 -0.6484375 0.4375
  vertex 0.203125 -0.7421875 0.390625
 endloop
endfacet
facet normal 0.24873658 -0.50762564 0.8248917
 outer loop
  vertex -0.3515625 -0.71875 0.453125
  vertex -0.15625 -0.6484375 0.4375
  vertex -0.3515625 -0.6171875 0.515625
 endloop
endfacet
facet normal -0.08213785 -0.79399925 0.6023443
 outer loop
  vertex 0.3515625 -0.78125 0.359375
  vertex 0.203125 -0.7421875 0.390625
  vertex 0.2734375 -0.796875 0.328125
 endloop
endfacet
facet normal 0.10165231 -0.82774025 0.55182683
 outer loop
  vertex -0.3515625 -0.78125 0.359375
  vertex -0.203125 -0.7421875 0.390625
  vertex -0.3515625 -0.71875 0.453125
 endloop
endfacet
facet normal 0.33286193 -0.7846031 0.5230687
 outer loop
  vertex 0.4375 -0.765625 0.328125
  vertex 0.3515625 -0.71875 0.453125
  vertex 0.3515625 -0.78125 0.359375
 endloop
endfacet
facet normal -0.38606003 -0.7445443 0.5446204
 outer loop
  vertex -0.4375 -0.765625 0.328125
  vertex -0.3515625 -0.71875 0.453125
  vertex -0.5 -0.6875 0.390625
 endloop
endfacet
facet normal 0.42456695 -0.474516 0.77108854
 outer loop
  vertex 0.5 -0.6875 0.390625
  vertex 0.3515625 -0.6171875 0.515625
  vertex 0.3515625 -0.71875 0.453125
 endloop
endfacet
facet normal -0.4059141 -0.5014233 0.7640736
 outer loop
  vertex -0.5 -0.6875 0.390625
  vertex -0.3515625 -0.6171875 0.515625
  vertex -0.546875 -0.578125 0.4375
 endloop
endfacet
facet normal 0.82507473 -0.48079893 0.29678947
 outer loop
  vertex 0.5625 -0.671875 0.2421875
  vertex 0.546875 -0.578125 0.4375
  vertex 0.5 -0.6875 0.390625
 endloop
endfacet
facet normal -0.8298687 -0.47421068 0.2940106
 outer loop
  vertex -0.5625 -0.671875 0.2421875
  vertex -0.546875 -0.578125 0.4375
  vertex -0.625 -0.5625 0.2421875
 endloop
endfacet
facet normal 0.6887994 -0.70047396 0.18679306
 outer loop
  vertex 0.46875 -0.7578125 0.2421875
  vertex 0.5 -0.6875 0.390625
  vertex 0.4375 -0.765625 0.328125
 endloop
endfacet
facet normal -0.6617073 -0.7218625 0.20262806
 outer loop
  vertex -0.46875 -0.7578125 0.2421875
  vertex -0.5 -0.6875 0.390625
  vertex -0.5625 -0.671875 0.2421875
 endloop
endfacet
facet normal 0.8399639 0.41998196 0.3436216
 outer loop
  vertex 0.4375 -0.765625 0.328125
  vertex 0.4765625 -0.7734375 0.2421875
  vertex 0.46875 -0.7578125 0.2421875
 endloop
endfacet
facet normal -0.7815718 0.5437021 0.30583245
 outer loop
  vertex -0.4375 -0.765625 0.328125
  vertex -0.4765625 -0.7734375 0.2421875
  vertex -0.4453125 -0.78125 0.3359375
 endloop
endfacet
facet normal 0.20739034 0.51847583 0.82956135
 outer loop
  vertex 0.3515625 -0.78125 0.359375
  vertex 0.4453125 -0.78125 0.3359375
  vertex 0.4375 -0.765625 0.328125
 endloop
endfacet
facet normal -0.20365326 0.5430754 0.81461304
 outer loop
  vertex -0.3515625 -0.78125 0.359375
  vertex -0.4453125 -0.78125 0.3359375
  vertex -0.3515625 -0.8046875 0.375
 endloop
endfacet
facet normal -0.40561607 0.5070201 0.7605302
 outer loop
  vertex 0.2734375 -0.796875 0.328125
  vertex 0.3515625 -0.8046875 0.375
  vertex 0.3515625 -0.78125 0.359375
 endloop
endfacet
facet normal 0.43806285 0.41229445 0.7988205
 outer loop
  vertex -0.2734375 -0.796875 0.328125
  vertex -0.3515625 -0.8046875 0.375
  vertex -0.265625 -0.8203125 0.3359375
 endloop
endfacet
facet normal -0.86424166 0.3928371 0.3142697
 outer loop
  vertex 0.2421875 -0.796875 0.2421875
  vertex 0.265625 -0.8203125 0.3359375
  vertex 0.2734375 -0.796875 0.328125
 endloop
endfacet
facet normal 0.78614616 0.52409744 0.3275609
 outer loop
  vertex -0.2421875 -0.796875 0.2421875
  vertex -0.265625 -0.8203125 0.3359375
  vertex -0.2265625 -0.8203125 0.2421875
 endloop
endfacet
facet normal -0.77825 0.51883334 -0.35375
 outer loop
  vertex 0.2421875 -0.796875 0.2421875
  vertex 0.265625 -0.8203125 0.15625
  vertex 0.2265625 -0.8203125 0.2421875
 endloop
endfacet
facet normal 0.77825 0.51883334 -0.35375
 outer loop
  vertex -0.265625 -0.8203125 0.15625
  vertex -0.2421875 -0.796875 0.2421875
  vertex -0.2265625 -0.8203125 0.2421875
 endloop
endfacet
facet normal -0.43806285 0.41229445 -0.7988205
 outer loop
  vertex 0.2734375 -0.796875 0.1640625
  vertex 0.3515625 -0.8046875 0.1171875
  vertex 0.265625 -0.8203125 0.15625
 endloop
endfacet
facet normal 0.43806285 0.41229445 -0.7988205
 outer loop
  vertex -0.3515625 -0.8046875 0.1171875
  vertex -0.2734375 -0.796875 0.1640625
  vertex -0.265625 -0.8203125 0.15625
 endloop
endfacet
facet normal 0.20365326 0.5430754 -0.81461304
 outer loop
  vertex 0.3515625 -0.78125 0.1328125
  vertex 0.4453125 -0.78125 0.15625
  vertex 0.3515625 -0.8046875 0.1171875
 endloop
endfacet
facet normal -0.20365326 0.5430754 -0.81461304
 outer loop
  vertex -0.4453125 -0.78125 0.15625
  vertex -0.3515625 -0.78125 0.1328125
  vertex -0.3515625 -0.8046875 0.1171875
 endloop
endfacet
facet normal 0.7683498 0.5488213 -0.32929277
 outer loop
  vertex 0.4375 -0.765625 0.1640625
  vertex 0.4765625 -0.7734375 0.2421875
  vertex 0.4453125 -0.78125 0.15625
 endloop
endfacet
facet normal -0.7683498 0.5488213 -0.32929277
 outer loop
  vertex -0.4765625 -0.7734375 0.2421875
  vertex -0.4375 -0.765625 0.1640625
  vertex -0.4453125 -0.78125 0.15625
 endloop
endfacet
facet normal 0.40003914 -0.9143751 -0.06234376
 outer loop
  vertex 0.3515625 -0.828125 0.2421875
  vertex 0.4453125 -0.78125 0.15625
  vertex 0.4765625 -0.7734375 0.2421875
 endloop
endfacet
facet normal -0.40003914 -0.9143751 -0.06234376
 outer loop
  vertex -0.4765625 -0.7734375 0.2421875
  vertex -0.4453125 -0.78125 0.15625
  vertex -0.3515625 -0.828125 0.2421875
 endloop
endfacet
facet normal 0.30693752 -0.9354287 -0.17539287
 outer loop
  vertex 0.3515625 -0.8046875 0.1171875
  vertex 0.4453125 -0.78125 0.15625
  vertex 0.3515625 -0.828125 0.2421875
 endloop
endfacet
facet normal -0.30693752 -0.9354287 -0.17539287
 outer loop
  vertex -0.3515625 -0.828125 0.2421875
  vertex -0.4453125 -0.78125 0.15625
  vertex -0.3515625 -0.8046875 0.1171875
 endloop
endfacet
facet normal 0.09451156 -0.9784726 -0.18346362
 outer loop
  vertex 0.3515625 -0.828125 0.2421875
  vertex 0.265625 -0.8203125 0.15625
  vertex 0.3515625 -0.8046875 0.1171875
 endloop
endfacet
facet normal -0.09451156 -0.9784726 -0.18346362
 outer loop
  vertex -0.3515625 -0.8046875 0.1171875
  vertex -0.265625 -0.8203125 0.15625
  vertex -0.3515625 -0.828125 0.2421875
 endloop
endfacet
facet normal -0.062353224 -0.9976516 -0.028342376
 outer loop
  vertex 0.3515625 -0.828125 0.2421875
  vertex 0.2265625 -0.8203125 0.2421875
  vertex 0.265625 -0.8203125 0.15625
 endloop
endfacet
facet normal 0.062353224 -0.9976516 -0.028342376
 outer loop
  vertex -0.265625 -0.8203125 0.15625
  vertex -0.2265625 -0.8203125 0.2421875
  vertex -0.3515625 -0.828125 0.2421875
 endloop
endfacet
facet normal -0.062357225 -0.9977156 0.025982177
 outer loop
  vertex 0.3515625 -0.828125 0.2421875
  vertex 0.265625 -0.8203125 0.3359375
  vertex 0.2265625 -0.8203125 0.2421875
 endloop
endfacet
facet normal 0.062357225 -0.9977156 0.025982177
 outer loop
  vertex -0.2265625 -0.8203125 0.2421875
  vertex -0.265625 -0.8203125 0.3359375
  vertex -0.3515625 -0.828125 0.2421875
 endloop
endfacet
facet normal 0.09956107 -0.9798906 0.17292187
 outer loop
  vertex 0.3515625 -0.828125 0.2421875
  vertex 0.3515625 -0.8046875 0.375
  vertex 0.265625 -0.8203125 0.3359375
 endloop
endfacet
facet normal -0.09956107 -0.9798906 0.17292187
 outer loop
  vertex -0.265625 -0.8203125 0.3359375
  vertex -0.3515625 -0.8046875 0.375
  vertex -0.3515625 -0.828125 0.2421875
 endloop
endfacet
facet normal 0.30357105 -0.93831044 0.1655842
 outer loop
  vertex 0.3515625 -0.828125 0.2421875
  vertex 0.4453125 -0.78125 0.3359375
  vertex 0.3515625 -0.8046875 0.375
 endloop
endfacet
facet normal -0.30357105 -0.93831044 0.1655842
 outer loop
  vertex -0.3515625 -0.8046875 0.375
  vertex -0.4453125 -0.78125 0.3359375
  vertex -0.3515625 -0.828125 0.2421875
 endloop
endfacet
facet normal 0.40016338 -0.91465914 0.057166196
 outer loop
  vertex 0.3515625 -0.828125 0.2421875
  vertex 0.4765625 -0.7734375 0.2421875
  vertex 0.4453125 -0.78125 0.3359375
 endloop
endfacet
facet normal -0.40016338 -0.91465914 0.057166196
 outer loop
  vertex -0.4453125 -0.78125 0.3359375
  vertex -0.4765625 -0.7734375 0.2421875
  vertex -0.3515625 -0.828125 0.2421875
 endloop
endfacet
facet normal 0.13669163 -0.46475157 -0.8748265
 outer loop
  vertex 0.1640625 -0.6328125 -0.9296875
  vertex 0 -0.578125 -0.984375
  vertex 0.1796875 -0.5546875 -0.96875
 endloop
endfacet
facet normal -0.10540926 -0.52704626 -0.84327406
 outer loop
  vertex -0.1640625 -0.6328125 -0.9296875
  vertex 0 -0.578125 -0.984375
  vertex 0 -0.640625 -0.9453125
 endloop
endfacet
facet normal 0.23028931 -0.4446966 -0.8655702
 outer loop
  vertex 0.234375 -0.6328125 -0.9140625
  vertex 0.1796875 -0.5546875 -0.96875
  vertex 0.328125 -0.5234375 -0.9453125
 endloop
endfacet
facet normal -0.19155647 -0.46931335 -0.86200416
 outer loop
  vertex -0.234375 -0.6328125 -0.9140625
  vertex -0.1796875 -0.5546875 -0.96875
  vertex -0.1640625 -0.6328125 -0.9296875
 endloop
endfacet
facet normal 0.57879317 -0.6403669 -0.5049047
 outer loop
  vertex 0.3671875 -0.53125 -0.890625
  vertex 0.234375 -0.6328125 -0.9140625
  vertex 0.328125 -0.5234375 -0.9453125
 endloop
endfacet
facet normal -0.57879317 -0.6403669 -0.5049047
 outer loop
  vertex -0.234375 -0.6328125 -0.9140625
  vertex -0.3671875 -0.53125 -0.890625
  vertex -0.328125 -0.5234375 -0.9453125
 endloop
endfacet
facet normal 0.77630275 -0.6271709 -0.06332996
 outer loop
  vertex 0.3515625 -0.5703125 -0.6953125
  vertex 0.265625 -0.6640625 -0.8203125
  vertex 0.3671875 -0.53125 -0.890625
 endloop
endfacet
facet normal -0.77630275 -0.6271709 -0.06332996
 outer loop
  vertex -0.265625 -0.6640625 -0.8203125
  vertex -0.3515625 -0.5703125 -0.6953125
  vertex -0.3671875 -0.53125 -0.890625
 endloop
endfacet
facet normal 0.747085 -0.65501994 0.11319469
 outer loop
  vertex 0.3125 -0.5703125 -0.4375
  vertex 0.25 -0.6875 -0.703125
  vertex 0.3515625 -0.5703125 -0.6953125
 endloop
endfacet
facet normal -0.747085 -0.65501994 0.11319469
 outer loop
  vertex -0.25 -0.6875 -0.703125
  vertex -0.3125 -0.5703125 -0.4375
  vertex -0.3515625 -0.5703125 -0.6953125
 endloop
endfacet
facet normal 0.37465492 -0.40395257 -0.83453935
 outer loop
  vertex 0.203125 -0.5625 -0.1875
  vertex 0.3984375 -0.671875 -0.046875
  vertex 0.125 -0.8125 -0.1015625
 endloop
endfacet
facet normal -0.37465492 -0.40395257 -0.83453935
 outer loop
  vertex -0.3984375 -0.671875 -0.046875
  vertex -0.203125 -0.5625 -0.1875
  vertex -0.125 -0.8125 -0.1015625
 endloop
endfacet
facet normal 0.35569707 -0.58481723 -0.72901875
 outer loop
  vertex 0.6328125 -0.5390625 -0.0390625
  vertex 0.3984375 -0.671875 -0.046875
  vertex 0.4375 -0.53125 -0.140625
 endloop
endfacet
facet normal -0.41774356 -0.7033636 -0.57512605
 outer loop
  vertex -0.6328125 -0.5390625 -0.0390625
  vertex -0.3984375 -0.671875 -0.046875
  vertex -0.6171875 -0.625 0.0546875
 endloop
endfacet
facet normal 0.6947315 -0.58414155 -0.41967452
 outer loop
  vertex 0.6328125 -0.5390625 -0.0390625
  vertex 0.7265625 -0.6015625 0.203125
  vertex 0.6171875 -0.625 0.0546875
 endloop
endfacet
facet normal -0.6947315 -0.58414155 -0.41967452
 outer loop
  vertex -0.7265625 -0.6015625 0.203125
  vertex -0.6328125 -0.5390625 -0.0390625
  vertex -0.6171875 -0.625 0.0546875
 endloop
endfacet
facet normal 0.7028484 -0.5938889 -0.39153564
 outer loop
  vertex 0.859375 -0.59375 0.4296875
  vertex 0.7265625 -0.6015625 0.203125
  vertex 0.828125 -0.4453125 0.1484375
 endloop
endfacet
facet normal -0.55370706 -0.77765083 -0.29777136
 outer loop
  vertex -0.859375 -0.59375 0.4296875
  vertex -0.7265625 -0.6015625 0.203125
  vertex -0.7421875 -0.65625 0.375
 endloop
endfacet
facet normal 0.3126936 -0.8859652 0.34247395
 outer loop
  vertex 0.7109375 -0.625 0.484375
  vertex 0.7421875 -0.65625 0.375
  vertex 0.859375 -0.59375 0.4296875
 endloop
endfacet
facet normal -0.822669 -0.4395081 0.36062205
 outer loop
  vertex -0.7109375 -0.625 0.484375
  vertex -0.7421875 -0.65625 0.375
  vertex -0.6875 -0.7265625 0.4140625
 endloop
endfacet
facet normal 0.5090583 -0.56625587 0.6482391
 outer loop
  vertex 0.4921875 -0.6875 0.6015625
  vertex 0.6875 -0.7265625 0.4140625
  vertex 0.7109375 -0.625 0.484375
 endloop
endfacet
facet normal -0.5041409 -0.57448614 0.6448314
 outer loop
  vertex -0.4921875 -0.6875 0.6015625
  vertex -0.6875 -0.7265625 0.4140625
  vertex -0.4375 -0.796875 0.546875
 endloop
endfacet
facet normal 0.59771585 -0.577105 0.55649406
 outer loop
  vertex 0.4921875 -0.6875 0.6015625
  vertex 0.3125 -0.8359375 0.640625
  vertex 0.4375 -0.796875 0.546875
 endloop
endfacet
facet normal -0.59771585 -0.577105 0.55649406
 outer loop
  vertex -0.3125 -0.8359375 0.640625
  vertex -0.4921875 -0.6875 0.6015625
  vertex -0.4375 -0.796875 0.546875
 endloop
endfacet
facet normal -0.048592955 -0.75319076 0.6560049
 outer loop
  vertex 0.15625 -0.7578125 0.71875
  vertex 0.3125 -0.8359375 0.640625
  vertex 0.3203125 -0.734375 0.7578125
 endloop
endfacet
facet normal 0.03713907 -0.74278134 0.6685032
 outer loop
  vertex -0.15625 -0.7578125 0.71875
  vertex -0.3125 -0.8359375 0.640625
  vertex -0.203125 -0.8515625 0.6171875
 endloop
endfacet
facet normal -0.7103534 -0.6493535 0.27154782
 outer loop
  vertex 0.0625 -0.75 0.4921875
  vertex 0.203125 -0.8515625 0.6171875
  vertex 0.15625 -0.7578125 0.71875
 endloop
endfacet
facet normal 0.7386325 -0.55896515 0.37680238
 outer loop
  vertex -0.0625 -0.75 0.4921875
  vertex -0.203125 -0.8515625 0.6171875
  vertex -0.1015625 -0.84375 0.4296875
 endloop
endfacet
facet normal -0.6013168 -0.6013168 0.5261522
 outer loop
  vertex 0 -0.7421875 0.4296875
  vertex 0.1015625 -0.84375 0.4296875
  vertex 0.0625 -0.75 0.4921875
 endloop
endfacet
facet normal 0.57735026 -0.57735026 0.57735026
 outer loop
  vertex 0 -0.7421875 0.4296875
  vertex -0.1015625 -0.84375 0.4296875
  vertex 0 -0.8203125 0.3515625
 endloop
endfacet
facet normal 0.50702316 -0.5902658 -0.6281033
 outer loop
  vertex 0.25 -0.7578125 0.46875
  vertex 0.1015625 -0.84375 0.4296875
  vertex 0.1640625 -0.7734375 0.4140625
 endloop
endfacet
facet normal -0.5364082 -0.7796862 -0.32304135
 outer loop
  vertex -0.25 -0.7578125 0.46875
  vertex -0.1015625 -0.84375 0.4296875
  vertex -0.203125 -0.8515625 0.6171875
 endloop
endfacet
facet normal 0.22264527 -0.8544764 -0.4693603
 outer loop
  vertex 0.25 -0.7578125 0.46875
  vertex 0.3125 -0.8359375 0.640625
  vertex 0.203125 -0.8515625 0.6171875
 endloop
endfacet
facet normal -0.22264527 -0.8544764 -0.4693603
 outer loop
  vertex -0.3125 -0.8359375 0.640625
  vertex -0.25 -0.7578125 0.46875
  vertex -0.203125 -0.8515625 0.6171875
 endloop
endfacet
facet normal -0.034841277 -0.8144148 -0.5792362
 outer loop
  vertex 0.4375 -0.796875 0.546875
  vertex 0.328125 -0.7421875 0.4765625
  vertex 0.4296875 -0.71875 0.4375
 endloop
endfacet
facet normal 0.107348435 -0.8587875 -0.5009594
 outer loop
  vertex -0.4375 -0.796875 0.546875
  vertex -0.328125 -0.7421875 0.4765625
  vertex -0.3125 -0.8359375 0.640625
 endloop
endfacet
facet normal -0.08990184 -0.61381257 -0.78431606
 outer loop
  vertex 0.6875 -0.7265625 0.4140625
  vertex 0.4296875 -0.71875 0.4375
  vertex 0.6015625 -0.6640625 0.375
 endloop
endfacet
facet normal 0.07701517 -0.8139103 -0.5758634
 outer loop
  vertex -0.6875 -0.7265625 0.4140625
  vertex -0.4296875 -0.71875 0.4375
  vertex -0.4375 -0.796875 0.546875
 endloop
endfacet
facet normal 0.05466767 -0.984018 -0.16946977
 outer loop
  vertex 0.7421875 -0.65625 0.375
  vertex 0.6015625 -0.6640625 0.375
  vertex 0.640625 -0.6484375 0.296875
 endloop
endfacet
facet normal -0.02788557 -0.50194025 -0.86445266
 outer loop
  vertex -0.7421875 -0.65625 0.375
  vertex -0.6015625 -0.6640625 0.375
  vertex -0.6875 -0.7265625 0.4140625
 endloop
endfacet
facet normal 0.42598453 -0.90268147 -0.06085493
 outer loop
  vertex 0.7265625 -0.6015625 0.203125
  vertex 0.640625 -0.6484375 0.296875
  vertex 0.625 -0.6484375 0.1875
 endloop
endfacet
facet normal -0.1686746 -0.9347384 -0.31275082
 outer loop
  vertex -0.7265625 -0.6015625 0.203125
  vertex -0.640625 -0.6484375 0.296875
  vertex -0.7421875 -0.65625 0.375
 endloop
endfacet
facet normal 0.3351679 -0.92425096 -0.18281886
 outer loop
  vertex 0.6171875 -0.625 0.0546875
  vertex 0.625 -0.6484375 0.1875
  vertex 0.4921875 -0.671875 0.0625
 endloop
endfacet
facet normal -0.4349679 -0.88201827 -0.18123664
 outer loop
  vertex -0.6171875 -0.625 0.0546875
  vertex -0.625 -0.6484375 0.1875
  vertex -0.7265625 -0.6015625 0.203125
 endloop
endfacet
facet normal 0.35788777 -0.88193774 -0.30676094
 outer loop
  vertex 0.3984375 -0.671875 -0.046875
  vertex 0.4921875 -0.671875 0.0625
  vertex 0.375 -0.703125 0.015625
 endloop
endfacet
facet normal -0.32227698 -0.90544486 -0.27623743
 outer loop
  vertex -0.3984375 -0.671875 -0.046875
  vertex -0.4921875 -0.671875 0.0625
  vertex -0.6171875 -0.625 0.0546875
 endloop
endfacet
facet normal 0 -0.89442724 -0.44721362
 outer loop
  vertex 0.203125 -0.7421875 0.09375
  vertex 0.3984375 -0.671875 -0.046875
  vertex 0.375 -0.703125 0.015625
 endloop
endfacet
facet normal 0 -0.89442724 -0.44721362
 outer loop
  vertex -0.3984375 -0.671875 -0.046875
  vertex -0.203125 -0.7421875 0.09375
  vertex -0.375 -0.703125 0.015625
 endloop
endfacet
facet normal -0.1598238 -0.9066928 0.39033893
 outer loop
  vertex 0.203125 -0.7421875 0.09375
  vertex 0 -0.7265625 0.046875
  vertex 0.125 -0.8125 -0.1015625
 endloop
endfacet
facet normal 0.1598238 -0.9066928 0.39033893
 outer loop
  vertex 0 -0.7265625 0.046875
  vertex -0.203125 -0.7421875 0.09375
  vertex -0.125 -0.8125 -0.1015625
 endloop
endfacet
facet normal 0.68188506 -0.67088693 -0.29145086
 outer loop
  vertex 0.1015625 -0.84375 0.4296875
  vertex 0.125 -0.765625 0.3046875
  vertex 0.1640625 -0.7734375 0.4140625
 endloop
endfacet
facet normal -0.18539649 -0.8485455 -0.4955791
 outer loop
  vertex -0.1015625 -0.84375 0.4296875
  vertex -0.125 -0.765625 0.3046875
  vertex 0 -0.8203125 0.3515625
 endloop
endfacet
facet normal 0.058542855 -0.9952285 -0.07805714
 outer loop
  vertex 0.125 -0.765625 0.3046875
  vertex 0 -0.765625 0.2109375
  vertex 0.1328125 -0.7578125 0.2109375
 endloop
endfacet
facet normal -0.058542855 -0.9952285 -0.07805714
 outer loop
  vertex 0 -0.765625 0.2109375
  vertex -0.125 -0.765625 0.3046875
  vertex -0.1328125 -0.7578125 0.2109375
 endloop
endfacet
facet normal -0.0066175847 -0.97278494 -0.23161545
 outer loop
  vertex 0.1640625 -0.75 0.140625
  vertex 0 -0.765625 0.2109375
  vertex 0 -0.7265625 0.046875
 endloop
endfacet
facet normal -0.058511917 -0.9947026 -0.08451721
 outer loop
  vertex -0.1640625 -0.75 0.140625
  vertex 0 -0.765625 0.2109375
  vertex -0.1328125 -0.7578125 0.2109375
 endloop
endfacet
facet normal 0.10082307 -0.6965957 -0.7103443
 outer loop
  vertex 0.0625 -0.6953125 -0.8828125
  vertex 0 -0.640625 -0.9453125
  vertex 0.1640625 -0.6328125 -0.9296875
 endloop
endfacet
facet normal -0.10082307 -0.6965957 -0.7103443
 outer loop
  vertex 0 -0.640625 -0.9453125
  vertex -0.0625 -0.6953125 -0.8828125
  vertex -0.1640625 -0.6328125 -0.9296875
 endloop
endfacet
facet normal 0.13216372 -0.79298234 -0.59473675
 outer loop
  vertex 0.1171875 -0.7109375 -0.8359375
  vertex 0.1640625 -0.6328125 -0.9296875
  vertex 0.234375 -0.6328125 -0.9140625
 endloop
endfacet
facet normal -0.13216372 -0.79298234 -0.59473675
 outer loop
  vertex -0.1640625 -0.6328125 -0.9296875
  vertex -0.1171875 -0.7109375 -0.8359375
  vertex -0.234375 -0.6328125 -0.9140625
 endloop
endfacet
facet normal 0.31280816 -0.93516606 -0.16617933
 outer loop
  vertex 0.1171875 -0.7109375 -0.8359375
  vertex 0.265625 -0.6640625 -0.8203125
  vertex 0.109375 -0.734375 -0.71875
 endloop
endfacet
facet normal -0.3142697 -0.8642416 -0.3928371
 outer loop
  vertex -0.1171875 -0.7109375 -0.8359375
  vertex -0.265625 -0.6640625 -0.8203125
  vertex -0.234375 -0.6328125 -0.9140625
 endloop
endfacet
facet normal 0.32883942 -0.9437007 -0.035966814
 outer loop
  vertex 0.2109375 -0.7109375 -0.4453125
  vertex 0.1171875 -0.734375 -0.6875
  vertex 0.25 -0.6875 -0.703125
 endloop
endfacet
facet normal -0.32883942 -0.9437007 -0.035966814
 outer loop
  vertex -0.1171875 -0.734375 -0.6875
  vertex -0.2109375 -0.7109375 -0.4453125
  vertex -0.25 -0.6875 -0.703125
 endloop
endfacet
facet normal 0.32326347 -0.94285184 -0.08081587
 outer loop
  vertex 0.109375 -0.734375 -0.71875
  vertex 0.25 -0.6875 -0.703125
  vertex 0.1171875 -0.734375 -0.6875
 endloop
endfacet
facet normal -0.32326347 -0.94285184 -0.08081587
 outer loop
  vertex -0.25 -0.6875 -0.703125
  vertex -0.109375 -0.734375 -0.71875
  vertex -0.1171875 -0.734375 -0.6875
 endloop
endfacet
facet normal -0.023219176 -0.99842453 0.051082183
 outer loop
  vertex 0 -0.7421875 -0.328125
  vertex 0.078125 -0.75 -0.4453125
  vertex 0.0859375 -0.7421875 -0.2890625
 endloop
endfacet
facet normal 0 -0.99778515 0.066519015
 outer loop
  vertex 0 -0.7421875 -0.328125
  vertex -0.078125 -0.75 -0.4453125
  vertex 0 -0.75 -0.4453125
 endloop
endfacet
facet normal -0.004338568 -0.9978707 -0.06507853
 outer loop
  vertex 0.078125 -0.75 -0.4453125
  vertex 0 -0.734375 -0.6796875
  vertex 0.1171875 -0.734375 -0.6875
 endloop
endfacet
facet normal 0 -0.99778515 -0.066519015
 outer loop
  vertex -0.078125 -0.75 -0.4453125
  vertex 0 -0.734375 -0.6796875
  vertex 0 -0.75 -0.4453125
 endloop
endfacet
facet normal 0 -1 0
 outer loop
  vertex 0.109375 -0.734375 -0.71875
  vertex 0 -0.734375 -0.6796875
  vertex 0 -0.734375 -0.765625
 endloop
endfacet
facet normal 0 -1 -0
 outer loop
  vertex -0.109375 -0.734375 -0.71875
  vertex 0 -0.734375 -0.6796875
  vertex -0.1171875 -0.734375 -0.6875
 endloop
endfacet
facet normal 0.844653 -0.044455424 -0.5334651
 outer loop
  vertex 0.125 -0.75 -0.2265625
  vertex 0.09375 -0.78125 -0.2734375
  vertex 0.0859375 -0.7421875 -0.2890625
 endloop
endfacet
facet normal -0.844653 -0.044455424 -0.5334651
 outer loop
  vertex -0.09375 -0.78125 -0.2734375
  vertex -0.125 -0.75 -0.2265625
  vertex -0.0859375 -0.7421875 -0.2890625
 endloop
endfacet
facet normal 0.9256245 0.28480753 0.2492066
 outer loop
  vertex 0.109375 -0.78125 -0.1328125
  vertex 0.125 -0.75 -0.2265625
  vertex 0.1015625 -0.7421875 -0.1484375
 endloop
endfacet
facet normal -0.9635179 0.16058633 0.2141151
 outer loop
  vertex -0.109375 -0.78125 -0.1328125
  vertex -0.125 -0.75 -0.2265625
  vertex -0.1328125 -0.796875 -0.2265625
 endloop
endfacet
facet normal 0.0692643 0.42943868 0.9004359
 outer loop
  vertex 0.0390625 -0.78125 -0.125
  vertex 0.1015625 -0.7421875 -0.1484375
  vertex 0 -0.7421875 -0.140625
 endloop
endfacet
facet normal -0.10182898 0.3869501 0.9164608
 outer loop
  vertex -0.0390625 -0.78125 -0.125
  vertex -0.1015625 -0.7421875 -0.1484375
  vertex -0.109375 -0.78125 -0.1328125
 endloop
endfacet
facet normal -1 -0 0
 outer loop
  vertex 0 -0.796875 -0.1875
  vertex 0 -0.7421875 -0.140625
  vertex 0 -0.75 -0.1953125
 endloop
endfacet
facet normal 0.6904563 -0.47076565 0.5492266
 outer loop
  vertex 0 -0.796875 -0.1875
  vertex 0 -0.7421875 -0.140625
  vertex -0.0390625 -0.78125 -0.125
 endloop
endfacet
facet normal 0.40710998 -0.17912838 -0.8956419
 outer loop
  vertex 0.0859375 -0.7421875 -0.2890625
  vertex 0 -0.78125 -0.3203125
  vertex 0 -0.7421875 -0.328125
 endloop
endfacet
facet normal -0.43193418 -0.25916052 -0.86386836
 outer loop
  vertex -0.0859375 -0.7421875 -0.2890625
  vertex 0 -0.78125 -0.3203125
  vertex -0.09375 -0.78125 -0.2734375
 endloop
endfacet
facet normal 0.28734788 -0.76626104 -0.57469577
 outer loop
  vertex 0.09375 -0.78125 -0.2734375
  vertex 0 -0.8046875 -0.2890625
  vertex 0 -0.78125 -0.3203125
 endloop
endfacet
facet normal -0.28734788 -0.766261 -0.57469577
 outer loop
  vertex -0.09375 -0.78125 -0.2734375
  vertex 0 -0.8046875 -0.2890625
  vertex -0.078125 -0.8046875 -0.25
 endloop
endfacet
facet normal -0.6326427 -0.5596455 0.53531307
 outer loop
  vertex 0 -0.796875 -0.1875
  vertex 0.046875 -0.8125 -0.1484375
  vertex 0.0390625 -0.78125 -0.125
 endloop
endfacet
facet normal 0.6326427 -0.5596455 0.53531307
 outer loop
  vertex -0.046875 -0.8125 -0.1484375
  vertex 0 -0.796875 -0.1875
  vertex -0.0390625 -0.78125 -0.125
 endloop
endfacet
facet normal 0.08620609 -0.62499416 0.7758548
 outer loop
  vertex 0.0390625 -0.78125 -0.125
  vertex 0.09375 -0.8125 -0.15625
  vertex 0.109375 -0.78125 -0.1328125
 endloop
endfacet
facet normal -0.08620609 -0.62499416 0.7758548
 outer loop
  vertex -0.09375 -0.8125 -0.15625
  vertex -0.0390625 -0.78125 -0.125
  vertex -0.109375 -0.78125 -0.1328125
 endloop
endfacet
facet normal 0.75324965 -0.591839 0.28695223
 outer loop
  vertex 0.09375 -0.8125 -0.15625
  vertex 0.1328125 -0.796875 -0.2265625
  vertex 0.109375 -0.78125 -0.1328125
 endloop
endfacet
facet normal -0.76388544 -0.57291406 0.29706654
 outer loop
  vertex -0.09375 -0.8125 -0.15625
  vertex -0.1328125 -0.796875 -0.2265625
  vertex -0.109375 -0.828125 -0.2265625
 endloop
endfacet
facet normal 0.34160456 -0.76861024 -0.5408739
 outer loop
  vertex 0.1328125 -0.796875 -0.2265625
  vertex 0.078125 -0.8046875 -0.25
  vertex 0.09375 -0.78125 -0.2734375
 endloop
endfacet
facet normal -0.34160456 -0.76861024 -0.5408739
 outer loop
  vertex -0.078125 -0.8046875 -0.25
  vertex -0.1328125 -0.796875 -0.2265625
  vertex -0.09375 -0.78125 -0.2734375
 endloop
endfacet
facet normal 0.05021668 -0.9708558 0.2343445
 outer loop
  vertex 0.109375 -0.828125 -0.2265625
  vertex 0.046875 -0.8125 -0.1484375
  vertex 0 -0.828125 -0.203125
 endloop
endfacet
facet normal -0.037450295 -0.9737076 0.22470176
 outer loop
  vertex -0.109375 -0.828125 -0.2265625
  vertex -0.046875 -0.8125 -0.1484375
  vertex -0.09375 -0.8125 -0.15625
 endloop
endfacet
facet normal -0.13043478 -0.7826087 -0.6086956
 outer loop
  vertex 0 -0.828125 -0.203125
  vertex 0.078125 -0.8046875 -0.25
  vertex 0.109375 -0.828125 -0.2265625
 endloop
endfacet
facet normal 0.13043478 -0.7826087 -0.6086956
 outer loop
  vertex -0.078125 -0.8046875 -0.25
  vertex 0 -0.828125 -0.203125
  vertex -0.109375 -0.828125 -0.2265625
 endloop
endfacet
facet normal -0.50591326 -0.8596048 0.071633734
 outer loop
  vertex 0 -0.7421875 -0.140625
  vertex 0.125 -0.8125 -0.1015625
  vertex 0 -0.7265625 0.046875
 endloop
endfacet
facet normal 0.50591326 -0.8596048 0.071633734
 outer loop
  vertex -0.125 -0.8125 -0.1015625
  vertex 0 -0.7421875 -0.140625
  vertex 0 -0.7265625 0.046875
 endloop
endfacet
facet normal -0.57735026 -0.57735026 -0.57735026
 outer loop
  vertex 0.1015625 -0.7421875 -0.1484375
  vertex 0.1640625 -0.7109375 -0.2421875
  vertex 0.125 -0.8125 -0.1015625
 endloop
endfacet
facet normal 0.57735026 -0.57735026 -0.57735026
 outer loop
  vertex -0.1640625 -0.7109375 -0.2421875
  vertex -0.1015625 -0.7421875 -0.1484375
  vertex -0.125 -0.8125 -0.1015625
 endloop
endfacet
facet normal 0.545986 -0.7184026 -0.43104157
 outer loop
  vertex 0.0859375 -0.7421875 -0.2890625
  vertex 0.1640625 -0.7109375 -0.2421875
  vertex 0.125 -0.75 -0.2265625
 endloop
endfacet
facet normal -0.33191356 -0.94042176 0.073758565
 outer loop
  vertex -0.0859375 -0.7421875 -0.2890625
  vertex -0.1640625 -0.7109375 -0.2421875
  vertex -0.1796875 -0.7109375 -0.3125
 endloop
endfacet
facet normal 0.32307217 -0.9458619 0.031139487
 outer loop
  vertex 0.078125 -0.75 -0.4453125
  vertex 0.1796875 -0.7109375 -0.3125
  vertex 0.0859375 -0.7421875 -0.2890625
 endloop
endfacet
facet normal -0.28154647 -0.95725805 0.066246234
 outer loop
  vertex -0.078125 -0.75 -0.4453125
  vertex -0.1796875 -0.7109375 -0.3125
  vertex -0.2109375 -0.7109375 -0.4453125
 endloop
endfacet
facet normal 0.7356951 -0.55305755 0.3909988
 outer loop
  vertex 0.2578125 -0.5546875 -0.3125
  vertex 0.2109375 -0.7109375 -0.4453125
  vertex 0.3125 -0.5703125 -0.4375
 endloop
endfacet
facet normal -0.8752544 -0.4376272 0.20594221
 outer loop
  vertex -0.2578125 -0.5546875 -0.3125
  vertex -0.2109375 -0.7109375 -0.4453125
  vertex -0.1796875 -0.7109375 -0.3125
 endloop
endfacet
facet normal 0.84799826 -0.42399913 0.31799936
 outer loop
  vertex 0.234375 -0.5546875 -0.25
  vertex 0.1796875 -0.7109375 -0.3125
  vertex 0.2578125 -0.5546875 -0.3125
 endloop
endfacet
facet normal -0.89730096 -0.39381543 0.19940022
 outer loop
  vertex -0.234375 -0.5546875 -0.25
  vertex -0.1796875 -0.7109375 -0.3125
  vertex -0.1640625 -0.7109375 -0.2421875
 endloop
endfacet
facet normal 0.85054713 -0.363756 0.37980407
 outer loop
  vertex 0.203125 -0.5625 -0.1875
  vertex 0.1640625 -0.7109375 -0.2421875
  vertex 0.234375 -0.5546875 -0.25
 endloop
endfacet
facet normal -0.85054713 -0.363756 0.37980407
 outer loop
  vertex -0.1640625 -0.7109375 -0.2421875
  vertex -0.203125 -0.5625 -0.1875
  vertex -0.234375 -0.5546875 -0.25
 endloop
endfacet
facet normal 0.1783315 -0.8916575 -0.41610682
 outer loop
  vertex 0 -0.734375 -0.765625
  vertex 0.09375 -0.7265625 -0.7421875
  vertex 0.109375 -0.734375 -0.71875
 endloop
endfacet
facet normal -0.25242648 -0.4327311 -0.8654622
 outer loop
  vertex 0 -0.734375 -0.765625
  vertex -0.09375 -0.7265625 -0.7421875
  vertex 0 -0.71875 -0.7734375
 endloop
endfacet
facet normal -0.12964074 -0.97230554 -0.1944611
 outer loop
  vertex 0.1171875 -0.7109375 -0.8359375
  vertex 0.09375 -0.7265625 -0.7421875
  vertex 0.09375 -0.7109375 -0.8203125
 endloop
endfacet
facet normal 0.12964074 -0.97230554 -0.1944611
 outer loop
  vertex -0.09375 -0.7265625 -0.7421875
  vertex -0.1171875 -0.7109375 -0.8359375
  vertex -0.09375 -0.7109375 -0.8203125
 endloop
endfacet
facet normal -0.4472136 -0.8944272 0
 outer loop
  vertex 0.0625 -0.6953125 -0.8828125
  vertex 0.09375 -0.7109375 -0.8203125
  vertex 0.046875 -0.6875 -0.8671875
 endloop
endfacet
facet normal 0.4472136 -0.8944272 0
 outer loop
  vertex -0.09375 -0.7109375 -0.8203125
  vertex -0.0625 -0.6953125 -0.8828125
  vertex -0.046875 -0.6875 -0.8671875
 endloop
endfacet
facet normal 0 -1 -0
 outer loop
  vertex 0 -0.6875 -0.890625
  vertex 0.046875 -0.6875 -0.8671875
  vertex 0 -0.6875 -0.875
 endloop
endfacet
facet normal -0 -1 -0
 outer loop
  vertex -0.046875 -0.6875 -0.8671875
  vertex 0 -0.6875 -0.890625
  vertex 0 -0.6875 -0.875
 endloop
endfacet
facet normal -0.15823503 -0.27126005 0.9494102
 outer loop
  vertex 0.046875 -0.6875 -0.8671875
  vertex 0 -0.6328125 -0.859375
  vertex 0 -0.6875 -0.875
 endloop
endfacet
facet normal 0.15823503 -0.27126005 0.9494102
 outer loop
  vertex -0.046875 -0.6875 -0.8671875
  vertex 0 -0.6328125 -0.859375
  vertex -0.046875 -0.6328125 -0.8515625
 endloop
endfacet
facet normal -0.6463437 -0.20962498 0.7336874
 outer loop
  vertex 0.046875 -0.6875 -0.8671875
  vertex 0.09375 -0.640625 -0.8125
  vertex 0.046875 -0.6328125 -0.8515625
 endloop
endfacet
facet normal 0.6463437 -0.20962498 0.7336874
 outer loop
  vertex -0.09375 -0.640625 -0.8125
  vertex -0.046875 -0.6875 -0.8671875
  vertex -0.046875 -0.6328125 -0.8515625
 endloop
endfacet
facet normal -1 -0 0
 outer loop
  vertex 0.09375 -0.7109375 -0.8203125
  vertex 0.09375 -0.6640625 -0.75
  vertex 0.09375 -0.640625 -0.8125
 endloop
endfacet
facet normal 1 0 -0
 outer loop
  vertex -0.09375 -0.6640625 -0.75
  vertex -0.09375 -0.7109375 -0.8203125
  vertex -0.09375 -0.640625 -0.8125
 endloop
endfacet
facet normal 0.30514118 -0.11811916 -0.94495326
 outer loop
  vertex 0 -0.71875 -0.7734375
  vertex 0.09375 -0.6640625 -0.75
  vertex 0.09375 -0.7265625 -0.7421875
 endloop
endfacet
facet normal -0.30514118 -0.11811916 -0.94495326
 outer loop
  vertex 0 -0.71875 -0.7734375
  vertex -0.09375 -0.6640625 -0.75
  vertex 0 -0.65625 -0.78125
 endloop
endfacet
facet normal 0.021652326 -0.9527024 -0.30313256
 outer loop
  vertex 0 -0.65625 -0.78125
  vertex 0.046875 -0.6328125 -0.8515625
  vertex 0.09375 -0.6640625 -0.75
 endloop
endfacet
facet normal -0.021652326 -0.9527024 -0.30313256
 outer loop
  vertex -0.046875 -0.6328125 -0.8515625
  vertex 0 -0.65625 -0.78125
  vertex -0.09375 -0.6640625 -0.75
 endloop
endfacet
facet normal 0.13529254 -0.92772025 -0.3478951
 outer loop
  vertex 0.09375 -0.6640625 -0.75
  vertex 0.046875 -0.6328125 -0.8515625
  vertex 0.09375 -0.640625 -0.8125
 endloop
endfacet
facet normal -0.13529254 -0.92772025 -0.3478951
 outer loop
  vertex -0.09375 -0.640625 -0.8125
  vertex -0.046875 -0.6328125 -0.8515625
  vertex -0.09375 -0.6640625 -0.75
 endloop
endfacet
facet normal -0.46812218 -0.8548318 -0.22388452
 outer loop
  vertex 0.1328125 -0.7578125 0.2109375
  vertex 0.1875 -0.7734375 0.15625
  vertex 0.171875 -0.78125 0.21875
 endloop
endfacet
facet normal 0.46812218 -0.8548318 -0.22388452
 outer loop
  vertex -0.1875 -0.7734375 0.15625
  vertex -0.1328125 -0.7578125 0.2109375
  vertex -0.171875 -0.78125 0.21875
 endloop
endfacet
facet normal -0.27103853 -0.9621868 0.027103854
 outer loop
  vertex 0.125 -0.765625 0.3046875
  vertex 0.171875 -0.78125 0.21875
  vertex 0.1796875 -0.78125 0.296875
 endloop
endfacet
facet normal 0.27103853 -0.9621868 0.027103854
 outer loop
  vertex -0.171875 -0.78125 0.21875
  vertex -0.125 -0.765625 0.3046875
  vertex -0.1796875 -0.78125 0.296875
 endloop
endfacet
facet normal -0.17171556 -0.9851051 -0.009037661
 outer loop
  vertex 0.125 -0.765625 0.3046875
  vertex 0.2109375 -0.78125 0.375
  vertex 0.1640625 -0.7734375 0.4140625
 endloop
endfacet
facet normal 0.25949964 -0.9601487 0.10379986
 outer loop
  vertex -0.125 -0.765625 0.3046875
  vertex -0.2109375 -0.78125 0.375
  vertex -0.1796875 -0.78125 0.296875
 endloop
endfacet
facet normal -0.4332243 -0.75814253 -0.48737735
 outer loop
  vertex 0.203125 -0.7421875 0.09375
  vertex 0.1875 -0.7734375 0.15625
  vertex 0.1640625 -0.75 0.140625
 endloop
endfacet
facet normal 0.6684096 -0.5848584 -0.4595316
 outer loop
  vertex -0.203125 -0.7421875 0.09375
  vertex -0.1875 -0.7734375 0.15625
  vertex -0.2265625 -0.78125 0.109375
 endloop
endfacet
facet normal -0.15994371 -0.4478424 -0.8796904
 outer loop
  vertex 0.203125 -0.7421875 0.09375
  vertex 0.375 -0.7421875 0.0625
  vertex 0.2265625 -0.78125 0.109375
 endloop
endfacet
facet normal 0.15994371 -0.4478424 -0.8796904
 outer loop
  vertex -0.375 -0.7421875 0.0625
  vertex -0.203125 -0.7421875 0.09375
  vertex -0.2265625 -0.78125 0.109375
 endloop
endfacet
facet normal 0.38997555 -0.7073975 -0.5894979
 outer loop
  vertex 0.375 -0.703125 0.015625
  vertex 0.4765625 -0.71875 0.1015625
  vertex 0.375 -0.7421875 0.0625
 endloop
endfacet
facet normal -0.38997555 -0.7073975 -0.5894979
 outer loop
  vertex -0.4765625 -0.71875 0.1015625
  vertex -0.375 -0.703125 0.015625
  vertex -0.375 -0.7421875 0.0625
 endloop
endfacet
facet normal 0.6546586 -0.60066617 -0.45893595
 outer loop
  vertex 0.4921875 -0.671875 0.0625
  vertex 0.578125 -0.6796875 0.1953125
  vertex 0.4765625 -0.71875 0.1015625
 endloop
endfacet
facet normal -0.6546586 -0.60066617 -0.45893595
 outer loop
  vertex -0.578125 -0.6796875 0.1953125
  vertex -0.4921875 -0.671875 0.0625
  vertex -0.4765625 -0.71875 0.1015625
 endloop
endfacet
facet normal 0.53778416 -0.83528185 -0.114422165
 outer loop
  vertex 0.625 -0.6484375 0.1875
  vertex 0.5859375 -0.6875 0.2890625
  vertex 0.578125 -0.6796875 0.1953125
 endloop
endfacet
facet normal -0.53778416 -0.83528185 -0.114422165
 outer loop
  vertex -0.5859375 -0.6875 0.2890625
  vertex -0.625 -0.6484375 0.1875
  vertex -0.578125 -0.6796875 0.1953125
 endloop
endfacet
facet normal 0.56568545 -0.81589246 0.11966422
 outer loop
  vertex 0.6015625 -0.6640625 0.375
  vertex 0.5859375 -0.6875 0.2890625
  vertex 0.640625 -0.6484375 0.296875
 endloop
endfacet
facet normal -0.57735026 -0.8082904 0.11547006
 outer loop
  vertex -0.6015625 -0.6640625 0.375
  vertex -0.5859375 -0.6875 0.2890625
  vertex -0.5625 -0.6953125 0.3515625
 endloop
endfacet
facet normal 0.4082483 -0.8164966 0.4082483
 outer loop
  vertex 0.4296875 -0.71875 0.4375
  vertex 0.5625 -0.6953125 0.3515625
  vertex 0.6015625 -0.6640625 0.375
 endloop
endfacet
facet normal -0.52138245 -0.54405123 0.65739524
 outer loop
  vertex -0.4296875 -0.71875 0.4375
  vertex -0.5625 -0.6953125 0.3515625
  vertex -0.421875 -0.7734375 0.3984375
 endloop
endfacet
facet normal 0.17958742 -0.58864766 0.78818923
 outer loop
  vertex 0.4296875 -0.71875 0.4375
  vertex 0.3359375 -0.7578125 0.4296875
  vertex 0.421875 -0.7734375 0.3984375
 endloop
endfacet
facet normal -0.17958742 -0.58864766 0.78818923
 outer loop
  vertex -0.3359375 -0.7578125 0.4296875
  vertex -0.4296875 -0.71875 0.4375
  vertex -0.421875 -0.7734375 0.3984375
 endloop
endfacet
facet normal 0.18814418 -0.9219064 0.3386595
 outer loop
  vertex 0.328125 -0.7421875 0.4765625
  vertex 0.2734375 -0.7734375 0.421875
  vertex 0.3359375 -0.7578125 0.4296875
 endloop
endfacet
facet normal -0.18814418 -0.9219064 0.3386595
 outer loop
  vertex -0.2734375 -0.7734375 0.421875
  vertex -0.328125 -0.7421875 0.4765625
  vertex -0.3359375 -0.7578125 0.4296875
 endloop
endfacet
facet normal -0.08702967 -0.9573264 0.27559397
 outer loop
  vertex 0.25 -0.7578125 0.46875
  vertex 0.2109375 -0.78125 0.375
  vertex 0.2734375 -0.7734375 0.421875
 endloop
endfacet
facet normal 0.08702967 -0.9573264 0.27559397
 outer loop
  vertex -0.2109375 -0.78125 0.375
  vertex -0.25 -0.7578125 0.46875
  vertex -0.2734375 -0.7734375 0.421875
 endloop
endfacet
facet normal 0.08290267 -0.9533807 -0.29015934
 outer loop
  vertex 0.2734375 -0.7734375 0.421875
  vertex 0.234375 -0.7578125 0.359375
  vertex 0.28125 -0.765625 0.3984375
 endloop
endfacet
facet normal -0.08290267 -0.9533807 -0.29015934
 outer loop
  vertex -0.234375 -0.7578125 0.359375
  vertex -0.2734375 -0.7734375 0.421875
  vertex -0.28125 -0.765625 0.3984375
 endloop
endfacet
facet normal 0.30151135 -0.90453404 -0.30151135
 outer loop
  vertex 0.3359375 -0.7578125 0.4296875
  vertex 0.28125 -0.765625 0.3984375
  vertex 0.3359375 -0.75 0.40625
 endloop
endfacet
facet normal -0.30151135 -0.90453404 -0.30151135
 outer loop
  vertex -0.28125 -0.765625 0.3984375
  vertex -0.3359375 -0.7578125 0.4296875
  vertex -0.3359375 -0.75 0.40625
 endloop
endfacet
facet normal -0.3765945 -0.40349412 -0.8338879
 outer loop
  vertex 0.3359375 -0.7578125 0.4296875
  vertex 0.4140625 -0.75 0.390625
  vertex 0.421875 -0.7734375 0.3984375
 endloop
endfacet
facet normal 0.06311944 -0.9467916 -0.3155972
 outer loop
  vertex -0.3359375 -0.7578125 0.4296875
  vertex -0.4140625 -0.75 0.390625
  vertex -0.3359375 -0.75 0.40625
 endloop
endfacet
facet normal 0.0823387 -0.61754024 -0.7822176
 outer loop
  vertex 0.421875 -0.7734375 0.3984375
  vertex 0.53125 -0.6796875 0.3359375
  vertex 0.5625 -0.6953125 0.3515625
 endloop
endfacet
facet normal 0.20157394 -0.36955222 -0.90708274
 outer loop
  vertex -0.421875 -0.7734375 0.3984375
  vertex -0.53125 -0.6796875 0.3359375
  vertex -0.4140625 -0.75 0.390625
 endloop
endfacet
facet normal -0.37067285 -0.88391215 -0.28513294
 outer loop
  vertex 0.5859375 -0.6875 0.2890625
  vertex 0.53125 -0.6796875 0.3359375
  vertex 0.5546875 -0.671875 0.28125
 endloop
endfacet
facet normal 0.37067285 -0.88391215 -0.28513294
 outer loop
  vertex -0.53125 -0.6796875 0.3359375
  vertex -0.5859375 -0.6875 0.2890625
  vertex -0.5546875 -0.671875 0.28125
 endloop
endfacet
facet normal -0.269181 -0.96136075 -0.057681642
 outer loop
  vertex 0.5859375 -0.6875 0.2890625
  vertex 0.546875 -0.671875 0.2109375
  vertex 0.578125 -0.6796875 0.1953125
 endloop
endfacet
facet normal 0.45675868 -0.8881419 0.050750963
 outer loop
  vertex -0.5859375 -0.6875 0.2890625
  vertex -0.546875 -0.671875 0.2109375
  vertex -0.5546875 -0.671875 0.28125
 endloop
endfacet
facet normal -0.27971345 -0.80417615 0.5244627
 outer loop
  vertex 0.4765625 -0.71875 0.1015625
  vertex 0.546875 -0.671875 0.2109375
  vertex 0.4609375 -0.703125 0.1171875
 endloop
endfacet
facet normal 0.27971345 -0.80417615 0.5244627
 outer loop
  vertex -0.546875 -0.671875 0.2109375
  vertex -0.4765625 -0.71875 0.1015625
  vertex -0.4609375 -0.703125 0.1171875
 endloop
endfacet
facet normal -0.02132977 -0.831861 0.554574
 outer loop
  vertex 0.4765625 -0.71875 0.1015625
  vertex 0.375 -0.7265625 0.0859375
  vertex 0.375 -0.7421875 0.0625
 endloop
endfacet
facet normal 0.048679236 -0.73018855 0.6815093
 outer loop
  vertex -0.4765625 -0.71875 0.1015625
  vertex -0.375 -0.7265625 0.0859375
  vertex -0.4609375 -0.703125 0.1171875
 endloop
endfacet
facet normal 0.37779242 -0.67462933 0.6341515
 outer loop
  vertex 0.375 -0.7421875 0.0625
  vertex 0.2421875 -0.7578125 0.125
  vertex 0.2265625 -0.78125 0.109375
 endloop
endfacet
facet normal -0.33782247 -0.7831339 0.52208924
 outer loop
  vertex -0.375 -0.7421875 0.0625
  vertex -0.2421875 -0.7578125 0.125
  vertex -0.375 -0.7265625 0.0859375
 endloop
endfacet
facet normal 0.49878377 -0.6858277 0.5299577
 outer loop
  vertex 0.1875 -0.7734375 0.15625
  vertex 0.2421875 -0.7578125 0.125
  vertex 0.203125 -0.75 0.171875
 endloop
endfacet
facet normal -0.49878377 -0.6858277 0.5299577
 outer loop
  vertex -0.2421875 -0.7578125 0.125
  vertex -0.1875 -0.7734375 0.15625
  vertex -0.203125 -0.75 0.171875
 endloop
endfacet
facet normal 0.5425201 -0.7685702 -0.33907506
 outer loop
  vertex 0.2109375 -0.78125 0.375
  vertex 0.1953125 -0.7578125 0.296875
  vertex 0.234375 -0.7578125 0.359375
 endloop
endfacet
facet normal -0.5425201 -0.7685702 -0.33907506
 outer loop
  vertex -0.1953125 -0.7578125 0.296875
  vertex -0.2109375 -0.78125 0.375
  vertex -0.234375 -0.7578125 0.359375
 endloop
endfacet
facet normal 0.83047444 -0.55364966 -0.061516628
 outer loop
  vertex 0.1796875 -0.78125 0.296875
  vertex 0.1953125 -0.75 0.2265625
  vertex 0.1953125 -0.7578125 0.296875
 endloop
endfacet
facet normal -0.83047444 -0.55364966 -0.061516628
 outer loop
  vertex -0.1953125 -0.75 0.2265625
  vertex -0.1796875 -0.78125 0.296875
  vertex -0.1953125 -0.7578125 0.296875
 endloop
endfacet
facet normal 0.7814038 -0.6139601 0.11162911
 outer loop
  vertex 0.171875 -0.78125 0.21875
  vertex 0.203125 -0.75 0.171875
  vertex 0.1953125 -0.75 0.2265625
 endloop
endfacet
facet normal -0.7814038 -0.6139601 0.11162911
 outer loop
  vertex -0.203125 -0.75 0.171875
  vertex -0.171875 -0.78125 0.21875
  vertex -0.1953125 -0.75 0.2265625
 endloop
endfacet
facet normal -0.43379566 0.14812535 0.8887521
 outer loop
  vertex 0 -0.7421875 0.4296875
  vertex 0.109375 -0.609375 0.4609375
  vertex 0 -0.6015625 0.40625
 endloop
endfacet
facet normal 0.43379566 0.14812535 0.8887521
 outer loop
  vertex -0.109375 -0.609375 0.4609375
  vertex 0 -0.7421875 0.4296875
  vertex 0 -0.6015625 0.40625
 endloop
endfacet
facet normal -0.8515382 0.3670423 0.37438315
 outer loop
  vertex 0.0625 -0.75 0.4921875
  vertex 0.1953125 -0.6171875 0.6640625
  vertex 0.109375 -0.609375 0.4609375
 endloop
endfacet
facet normal 0.8515382 0.3670423 0.37438315
 outer loop
  vertex -0.1953125 -0.6171875 0.6640625
  vertex -0.0625 -0.75 0.4921875
  vertex -0.109375 -0.609375 0.4609375
 endloop
endfacet
facet normal -0.26635176 0.41272524 0.87104225
 outer loop
  vertex 0.3203125 -0.734375 0.7578125
  vertex 0.1953125 -0.6171875 0.6640625
  vertex 0.15625 -0.7578125 0.71875
 endloop
endfacet
facet normal 0.21971561 0.45570645 0.8625872
 outer loop
  vertex -0.3203125 -0.734375 0.7578125
  vertex -0.1953125 -0.6171875 0.6640625
  vertex -0.3359375 -0.59375 0.6875
 endloop
endfacet
facet normal 0.5932461 0.3063166 0.7444657
 outer loop
  vertex 0.4921875 -0.6875 0.6015625
  vertex 0.3359375 -0.59375 0.6875
  vertex 0.3203125 -0.734375 0.7578125
 endloop
endfacet
facet normal -0.5913519 0.2991008 0.74889356
 outer loop
  vertex -0.4921875 -0.6875 0.6015625
  vertex -0.3359375 -0.59375 0.6875
  vertex -0.484375 -0.5546875 0.5546875
 endloop
endfacet
facet normal 0.37142727 0.32836324 0.868458
 outer loop
  vertex 0.7109375 -0.625 0.484375
  vertex 0.484375 -0.5546875 0.5546875
  vertex 0.4921875 -0.6875 0.6015625
 endloop
endfacet
facet normal -0.3653076 0.29379237 0.88330996
 outer loop
  vertex -0.7109375 -0.625 0.484375
  vertex -0.484375 -0.5546875 0.5546875
  vertex -0.6796875 -0.4921875 0.453125
 endloop
endfacet
facet normal 0.29008237 0.28333625 0.9140967
 outer loop
  vertex 0.7109375 -0.625 0.484375
  vertex 0.796875 -0.4609375 0.40625
  vertex 0.6796875 -0.4921875 0.453125
 endloop
endfacet
facet normal -0.29008237 0.28333625 0.9140967
 outer loop
  vertex -0.796875 -0.4609375 0.40625
  vertex -0.7109375 -0.625 0.484375
  vertex -0.6796875 -0.4921875 0.453125
 endloop
endfacet
facet normal 0.88728255 0.4412432 0.13429141
 outer loop
  vertex 0.828125 -0.4453125 0.1484375
  vertex 0.796875 -0.4609375 0.40625
  vertex 0.859375 -0.59375 0.4296875
 endloop
endfacet
facet normal -0.7964468 0.5900586 0.13230014
 outer loop
  vertex -0.828125 -0.4453125 0.1484375
  vertex -0.796875 -0.4609375 0.40625
  vertex -0.7734375 -0.375 0.1640625
 endloop
endfacet
facet normal 0.51078063 0.5450229 -0.66487086
 outer loop
  vertex 0.828125 -0.4453125 0.1484375
  vertex 0.6015625 -0.4140625 0
  vertex 0.7734375 -0.375 0.1640625
 endloop
endfacet
facet normal -0.51078063 0.5450229 -0.66487086
 outer loop
  vertex -0.6015625 -0.4140625 0
  vertex -0.828125 -0.4453125 0.1484375
  vertex -0.7734375 -0.375 0.1640625
 endloop
endfacet
facet normal 0.3694844 0.36007077 -0.85663897
 outer loop
  vertex 0.6328125 -0.5390625 -0.0390625
  vertex 0.4375 -0.46875 -0.09375
  vertex 0.6015625 -0.4140625 0
 endloop
endfacet
facet normal -0.3694844 0.36007077 -0.85663897
 outer loop
  vertex -0.4375 -0.46875 -0.09375
  vertex -0.6328125 -0.5390625 -0.0390625
  vertex -0.6015625 -0.4140625 0
 endloop
endfacet
facet normal 0.3616779 0.84873754 -0.38578978
 outer loop
  vertex 0 -0.28125 -0.484375
  vertex 0.125 -0.359375 -0.5390625
  vertex 0 -0.3203125 -0.5703125
 endloop
endfacet
facet normal -0.16490857 0.7289437 -0.6644142
 outer loop
  vertex 0 -0.28125 -0.484375
  vertex -0.125 -0.359375 -0.5390625
  vertex -0.1796875 -0.2578125 -0.4140625
 endloop
endfacet
facet normal 0.19518001 0.9759001 -0.09759001
 outer loop
  vertex 0 -0.3203125 -0.5703125
  vertex 0.140625 -0.3671875 -0.7578125
  vertex 0 -0.34375 -0.8046875
 endloop
endfacet
facet normal -0.30110767 0.9535076 -0.012546153
 outer loop
  vertex 0 -0.3203125 -0.5703125
  vertex -0.140625 -0.3671875 -0.7578125
  vertex -0.125 -0.359375 -0.5390625
 endloop
endfacet
facet normal -0.010729607 0.8261798 -0.5633044
 outer loop
  vertex 0 -0.34375 -0.8046875
  vertex 0.1640625 -0.4375 -0.9453125
  vertex 0 -0.4609375 -0.9765625
 endloop
endfacet
facet normal -0.2562453 0.9151617 -0.311155
 outer loop
  vertex 0 -0.34375 -0.8046875
  vertex -0.1640625 -0.4375 -0.9453125
  vertex -0.140625 -0.3671875 -0.7578125
 endloop
endfacet
facet normal 0.1532956 0.21341152 -0.96486056
 outer loop
  vertex 0.1796875 -0.5546875 -0.96875
  vertex 0 -0.4609375 -0.9765625
  vertex 0.1640625 -0.4375 -0.9453125
 endloop
endfacet
facet normal -0.1532956 0.21341152 -0.96486056
 outer loop
  vertex 0 -0.4609375 -0.9765625
  vertex -0.1796875 -0.5546875 -0.96875
  vertex -0.1640625 -0.4375 -0.9453125
 endloop
endfacet
facet normal 0.12602949 0.24060176 -0.96240705
 outer loop
  vertex 0.328125 -0.5234375 -0.9453125
  vertex 0.1640625 -0.4375 -0.9453125
  vertex 0.328125 -0.3984375 -0.9140625
 endloop
endfacet
facet normal -0.12602949 0.24060176 -0.96240705
 outer loop
  vertex -0.1640625 -0.4375 -0.9453125
  vertex -0.328125 -0.5234375 -0.9453125
  vertex -0.328125 -0.3984375 -0.9140625
 endloop
endfacet
facet normal 0.93956476 0.3041002 0.1572932
 outer loop
  vertex 0.3671875 -0.53125 -0.890625
  vertex 0.328125 -0.3984375 -0.9140625
  vertex 0.2890625 -0.3828125 -0.7109375
 endloop
endfacet
facet normal -0.93956476 0.3041002 0.1572932
 outer loop
  vertex -0.328125 -0.3984375 -0.9140625
  vertex -0.3671875 -0.53125 -0.890625
  vertex -0.2890625 -0.3828125 -0.7109375
 endloop
endfacet
facet normal 0.9278163 0.32459205 0.18383975
 outer loop
  vertex 0.3515625 -0.5703125 -0.6953125
  vertex 0.2890625 -0.3828125 -0.7109375
  vertex 0.25 -0.390625 -0.5
 endloop
endfacet
facet normal -0.9278163 0.32459205 0.18383975
 outer loop
  vertex -0.2890625 -0.3828125 -0.7109375
  vertex -0.3515625 -0.5703125 -0.6953125
  vertex -0.25 -0.390625 -0.5
 endloop
endfacet
facet normal 0.21922138 0.9726619 0.07662107
 outer loop
  vertex 0.2890625 -0.3828125 -0.7109375
  vertex 0.125 -0.359375 -0.5390625
  vertex 0.25 -0.390625 -0.5
 endloop
endfacet
facet normal -0.21922138 0.9726619 0.07662107
 outer loop
  vertex -0.125 -0.359375 -0.5390625
  vertex -0.2890625 -0.3828125 -0.7109375
  vertex -0.25 -0.390625 -0.5
 endloop
endfacet
facet normal 0.121066295 0.9912303 -0.052966505
 outer loop
  vertex 0.328125 -0.3984375 -0.9140625
  vertex 0.140625 -0.3671875 -0.7578125
  vertex 0.2890625 -0.3828125 -0.7109375
 endloop
endfacet
facet normal 0.1496834 0.9194838 -0.36351684
 outer loop
  vertex -0.328125 -0.3984375 -0.9140625
  vertex -0.140625 -0.3671875 -0.7578125
  vertex -0.1640625 -0.4375 -0.9453125
 endloop
endfacet
facet normal 0.9093759 0.39274496 0.13706535
 outer loop
  vertex 0.25 -0.390625 -0.5
  vertex 0.1796875 -0.2578125 -0.4140625
  vertex 0.234375 -0.40625 -0.3515625
 endloop
endfacet
facet normal -0.37057647 0.63486356 -0.67795384
 outer loop
  vertex -0.25 -0.390625 -0.5
  vertex -0.1796875 -0.2578125 -0.4140625
  vertex -0.125 -0.359375 -0.5390625
 endloop
endfacet
facet normal 0.92021257 0.36721072 0.13551824
 outer loop
  vertex 0.3125 -0.5703125 -0.4375
  vertex 0.25 -0.390625 -0.5
  vertex 0.234375 -0.40625 -0.3515625
 endloop
endfacet
facet normal -0.92021257 0.36721072 0.13551824
 outer loop
  vertex -0.25 -0.390625 -0.5
  vertex -0.3125 -0.5703125 -0.4375
  vertex -0.234375 -0.40625 -0.3515625
 endloop
endfacet
facet normal 0.9172858 0.20065627 0.3439822
 outer loop
  vertex 0.21875 -0.4296875 -0.28125
  vertex 0.234375 -0.5546875 -0.25
  vertex 0.2578125 -0.5546875 -0.3125
 endloop
endfacet
facet normal -0.9456937 0.18502702 0.26726124
 outer loop
  vertex -0.21875 -0.4296875 -0.28125
  vertex -0.234375 -0.5546875 -0.25
  vertex -0.2109375 -0.46875 -0.2265625
 endloop
endfacet
facet normal 0.90040493 0.23800512 0.3641765
 outer loop
  vertex 0.234375 -0.40625 -0.3515625
  vertex 0.2578125 -0.5546875 -0.3125
  vertex 0.3125 -0.5703125 -0.4375
 endloop
endfacet
facet normal -0.9337134 0.22145766 0.28131106
 outer loop
  vertex -0.234375 -0.40625 -0.3515625
  vertex -0.2578125 -0.5546875 -0.3125
  vertex -0.21875 -0.4296875 -0.28125
 endloop
endfacet
facet normal 0.8945093 -0.10842537 0.4337015
 outer loop
  vertex 0.234375 -0.5546875 -0.25
  vertex 0.203125 -0.5 -0.171875
  vertex 0.203125 -0.5625 -0.1875
 endloop
endfacet
facet normal -0.95014787 0.19216473 0.24554382
 outer loop
  vertex -0.234375 -0.5546875 -0.25
  vertex -0.203125 -0.5 -0.171875
  vertex -0.2109375 -0.46875 -0.2265625
 endloop
endfacet
facet normal 0.15961738 0.23942606 -0.95770425
 outer loop
  vertex 0.203125 -0.5 -0.171875
  vertex 0.4375 -0.53125 -0.140625
  vertex 0.203125 -0.5625 -0.1875
 endloop
endfacet
facet normal -0.18349712 0.58981216 -0.7864162
 outer loop
  vertex -0.203125 -0.5 -0.171875
  vertex -0.4375 -0.53125 -0.140625
  vertex -0.4375 -0.46875 -0.09375
 endloop
endfacet
facet normal 0.36927652 0.80101234 -0.47118372
 outer loop
  vertex 0.3359375 0.6640625 0.0546875
  vertex 0 0.671875 -0.1953125
  vertex 0 0.828125 0.0703125
 endloop
endfacet
facet normal -0.3726855 0.7966326 -0.47590137
 outer loop
  vertex -0.3359375 0.6640625 0.0546875
  vertex 0 0.671875 -0.1953125
  vertex -0.34375 0.5390625 -0.1484375
 endloop
endfacet
facet normal 0.2985938 0.4821331 -0.82364404
 outer loop
  vertex 0.34375 0.5390625 -0.1484375
  vertex 0 0.3515625 -0.3828125
  vertex 0 0.671875 -0.1953125
 endloop
endfacet
facet normal -0.32627016 0.44458792 -0.8341999
 outer loop
  vertex -0.34375 0.5390625 -0.1484375
  vertex 0 0.3515625 -0.3828125
  vertex -0.296875 0.265625 -0.3125
 endloop
endfacet
facet normal 0.29953533 0.13684355 -0.94422054
 outer loop
  vertex 0 0.3515625 -0.3828125
  vertex 0.2109375 -0.1640625 -0.390625
  vertex 0 -0.1875 -0.4609375
 endloop
endfacet
facet normal -0.29953533 0.13684355 -0.94422054
 outer loop
  vertex -0.2109375 -0.1640625 -0.390625
  vertex 0 0.3515625 -0.3828125
  vertex 0 -0.1875 -0.4609375
 endloop
endfacet
facet normal 0.32865527 0.22906277 -0.91625106
 outer loop
  vertex 0 -0.1875 -0.4609375
  vertex 0.1796875 -0.2578125 -0.4140625
  vertex 0 -0.28125 -0.484375
 endloop
endfacet
facet normal -0.32865527 0.22906277 -0.91625106
 outer loop
  vertex -0.1796875 -0.2578125 -0.4140625
  vertex 0 -0.1875 -0.4609375
  vertex 0 -0.28125 -0.484375
 endloop
endfacet
facet normal 0.830482 0.44631344 0.3333227
 outer loop
  vertex 0.1796875 -0.2578125 -0.4140625
  vertex 0.21875 -0.4296875 -0.28125
  vertex 0.234375 -0.40625 -0.3515625
 endloop
endfacet
facet normal -0.8641914 -0.16963758 -0.4737049
 outer loop
  vertex -0.1796875 -0.2578125 -0.4140625
  vertex -0.21875 -0.4296875 -0.28125
  vertex -0.2109375 -0.1640625 -0.390625
 endloop
endfacet
facet normal 0.9165617 -0.14144471 -0.3740427
 outer loop
  vertex 0.7734375 -0.375 0.1640625
  vertex 0.734375 -0.0703125 -0.046875
  vertex 0.8515625 -0.0546875 0.234375
 endloop
endfacet
facet normal -0.9165617 -0.14144471 -0.3740427
 outer loop
  vertex -0.734375 -0.0703125 -0.046875
  vertex -0.7734375 -0.375 0.1640625
  vertex -0.8515625 -0.0546875 0.234375
 endloop
endfacet
facet normal 0.2950267 0.9544075 -0.04544798
 outer loop
  vertex 0.4609375 0.703125 0.4375
  vertex 0 0.828125 0.0703125
  vertex 0 0.8515625 0.5625
 endloop
endfacet
facet normal -0.41890255 0.8793254 -0.22651158
 outer loop
  vertex -0.4609375 0.703125 0.4375
  vertex 0 0.828125 0.0703125
  vertex -0.3359375 0.6640625 0.0546875
 endloop
endfacet
facet normal 0.12718825 -0.22603373 0.96578044
 outer loop
  vertex 0.453125 -0.234375 0.8515625
  vertex 0 0.078125 0.984375
  vertex 0 -0.2890625 0.8984375
 endloop
endfacet
facet normal -0.1119178 -0.24681492 0.9625782
 outer loop
  vertex -0.453125 -0.234375 0.8515625
  vertex 0 0.078125 0.984375
  vertex -0.453125 0.0703125 0.9296875
 endloop
endfacet
facet normal 0.13196185 0.17875087 0.97500473
 outer loop
  vertex 0 0.078125 0.984375
  vertex 0.453125 0.3828125 0.8671875
  vertex 0 0.546875 0.8984375
 endloop
endfacet
facet normal -0.13196185 0.17875087 0.97500473
 outer loop
  vertex -0.453125 0.3828125 0.8671875
  vertex 0 0.078125 0.984375
  vertex 0 0.546875 0.8984375
 endloop
endfacet
facet normal 0.38779947 0.68275315 0.61924124
 outer loop
  vertex 0 0.546875 0.8984375
  vertex 0.4609375 0.703125 0.4375
  vertex 0 0.8515625 0.5625
 endloop
endfacet
facet normal -0.38779947 0.68275315 0.61924124
 outer loop
  vertex -0.4609375 0.703125 0.4375
  vertex 0 0.546875 0.8984375
  vertex 0 0.8515625 0.5625
 endloop
endfacet
facet normal 0.4951004 0.110022314 0.86184144
 outer loop
  vertex 0.6796875 -0.4921875 0.453125
  vertex 0.7265625 -0.3359375 0.40625
  vertex 0.6328125 -0.28125 0.453125
 endloop
endfacet
facet normal -0.4951004 0.110022314 0.86184144
 outer loop
  vertex -0.7265625 -0.3359375 0.40625
  vertex -0.6796875 -0.4921875 0.453125
  vertex -0.6328125 -0.28125 0.453125
 endloop
endfacet
facet normal 0.25613326 -0.720238 0.6447115
 outer loop
  vertex 0.6328125 -0.28125 0.453125
  vertex 0.796875 -0.125 0.5625
  vertex 0.640625 -0.0546875 0.703125
 endloop
endfacet
facet normal -0.25613326 -0.720238 0.6447115
 outer loop
  vertex -0.796875 -0.125 0.5625
  vertex -0.6328125 -0.28125 0.453125
  vertex -0.640625 -0.0546875 0.703125
 endloop
endfacet
facet normal 0.59655154 -0.14790533 0.78882843
 outer loop
  vertex 0.640625 -0.0546875 0.703125
  vertex 0.796875 0.1171875 0.6171875
  vertex 0.640625 0.1953125 0.75
 endloop
endfacet
facet normal -0.59655154 -0.14790533 0.78882843
 outer loop
  vertex -0.796875 0.1171875 0.6171875
  vertex -0.640625 -0.0546875 0.703125
  vertex -0.640625 0.1953125 0.75
 endloop
endfacet
facet normal 0.7124531 0.18998751 0.6755111
 outer loop
  vertex 0.640625 0.1953125 0.75
  vertex 0.796875 0.359375 0.5390625
  vertex 0.640625 0.4453125 0.6796875
 endloop
endfacet
facet normal -0.7124531 0.18998751 0.6755111
 outer loop
  vertex -0.796875 0.359375 0.5390625
  vertex -0.640625 0.1953125 0.75
  vertex -0.640625 0.4453125 0.6796875
 endloop
endfacet
facet normal 0.71044266 0.69041675 0.13636684
 outer loop
  vertex 0.6171875 0.5859375 0.328125
  vertex 0.796875 0.359375 0.5390625
  vertex 0.7734375 0.4375 0.265625
 endloop
endfacet
facet normal -0.63040936 0.73432297 0.2517019
 outer loop
  vertex -0.6171875 0.5859375 0.328125
  vertex -0.796875 0.359375 0.5390625
  vertex -0.640625 0.4453125 0.6796875
 endloop
endfacet
facet normal 0.6822971 0.6933375 0.23184854
 outer loop
  vertex 0.4609375 0.703125 0.4375
  vertex 0.640625 0.4453125 0.6796875
  vertex 0.6171875 0.5859375 0.328125
 endloop
endfacet
facet normal -0.6822971 0.6933375 0.23184854
 outer loop
  vertex -0.640625 0.4453125 0.6796875
  vertex -0.4609375 0.703125 0.4375
  vertex -0.6171875 0.5859375 0.328125
 endloop
endfacet
facet normal 0.6573953 0.20401922 0.7254017
 outer loop
  vertex 0.453125 0.3828125 0.8671875
  vertex 0.640625 0.1953125 0.75
  vertex 0.640625 0.4453125 0.6796875
 endloop
endfacet
facet normal -0.6573953 0.20401922 0.7254017
 outer loop
  vertex -0.640625 0.1953125 0.75
  vertex -0.453125 0.3828125 0.8671875
  vertex -0.640625 0.4453125 0.6796875
 endloop
endfacet
facet normal 0.7289322 -0.12616134 0.67286044
 outer loop
  vertex 0.453125 0.0703125 0.9296875
  vertex 0.640625 -0.0546875 0.703125
  vertex 0.640625 0.1953125 0.75
 endloop
endfacet
facet normal -0.7289322 -0.12616134 0.67286044
 outer loop
  vertex -0.640625 -0.0546875 0.703125
  vertex -0.453125 0.0703125 0.9296875
  vertex -0.640625 0.1953125 0.75
 endloop
endfacet
facet normal 0.7791181 -0.47643042 0.40741763
 outer loop
  vertex 0.453125 -0.234375 0.8515625
  vertex 0.6328125 -0.28125 0.453125
  vertex 0.640625 -0.0546875 0.703125
 endloop
endfacet
facet normal -0.7791181 -0.47643042 0.40741763
 outer loop
  vertex -0.6328125 -0.28125 0.453125
  vertex -0.453125 -0.234375 0.8515625
  vertex -0.640625 -0.0546875 0.703125
 endloop
endfacet
facet normal 0.36692715 0.28978905 0.88396084
 outer loop
  vertex 0.6796875 -0.4921875 0.453125
  vertex 0.4609375 -0.4296875 0.5234375
  vertex 0.484375 -0.5546875 0.5546875
 endloop
endfacet
facet normal -0.32379025 0.071953386 0.9433889
 outer loop
  vertex -0.6796875 -0.4921875 0.453125
  vertex -0.4609375 -0.4296875 0.5234375
  vertex -0.6328125 -0.28125 0.453125
 endloop
endfacet
facet normal 0.2854303 -0.72767115 0.6237181
 outer loop
  vertex 0.4609375 -0.4296875 0.5234375
  vertex 0 -0.2890625 0.8984375
  vertex 0 -0.5703125 0.5703125
 endloop
endfacet
facet normal -0.15481679 -0.8473081 0.5080362
 outer loop
  vertex -0.4609375 -0.4296875 0.5234375
  vertex 0 -0.2890625 0.8984375
  vertex -0.453125 -0.234375 0.8515625
 endloop
endfacet
facet normal -0.17023328 0.9792801 0.10968639
 outer loop
  vertex 0.1953125 -0.6171875 0.6640625
  vertex 0.484375 -0.5546875 0.5546875
  vertex 0.109375 -0.609375 0.4609375
 endloop
endfacet
facet normal 0.17817417 0.97995794 0.089087084
 outer loop
  vertex -0.1953125 -0.6171875 0.6640625
  vertex -0.484375 -0.5546875 0.5546875
  vertex -0.3359375 -0.59375 0.6875
 endloop
endfacet
facet normal 0.29253098 -0.76970917 0.5674271
 outer loop
  vertex 0.109375 -0.609375 0.4609375
  vertex 0.4609375 -0.4296875 0.5234375
  vertex 0 -0.5703125 0.5703125
 endloop
endfacet
facet normal -0.29253098 -0.76970917 0.5674271
 outer loop
  vertex -0.4609375 -0.4296875 0.5234375
  vertex -0.109375 -0.609375 0.4609375
  vertex 0 -0.5703125 0.5703125
 endloop
endfacet
facet normal -0.16157192 -0.9694316 0.18465362
 outer loop
  vertex 0 -0.6015625 0.40625
  vertex 0.109375 -0.609375 0.4609375
  vertex 0 -0.5703125 0.5703125
 endloop
endfacet
facet normal 0.16157192 -0.9694316 0.18465362
 outer loop
  vertex 0 -0.5703125 0.5703125
  vertex -0.109375 -0.609375 0.4609375
  vertex 0 -0.6015625 0.40625
 endloop
endfacet
facet normal 0.8680965 0.4883043 0.08925992
 outer loop
  vertex 0.7734375 -0.375 0.1640625
  vertex 0.7265625 -0.3359375 0.40625
  vertex 0.796875 -0.4609375 0.40625
 endloop
endfacet
facet normal -0.93395114 -0.27729055 0.22548902
 outer loop
  vertex -0.7734375 -0.375 0.1640625
  vertex -0.7265625 -0.3359375 0.40625
  vertex -0.8515625 -0.0546875 0.234375
 endloop
endfacet
facet normal 0.9276127 -0.3656799 0.07624214
 outer loop
  vertex 0.8515625 -0.0546875 0.234375
  vertex 0.796875 -0.125 0.5625
  vertex 0.7265625 -0.3359375 0.40625
 endloop
endfacet
facet normal -0.9276127 -0.3656799 0.07624214
 outer loop
  vertex -0.796875 -0.125 0.5625
  vertex -0.8515625 -0.0546875 0.234375
  vertex -0.7265625 -0.3359375 0.40625
 endloop
endfacet
facet normal 0.9749748 -0.048967347 0.21685539
 outer loop
  vertex 0.859375 0.046875 0.3203125
  vertex 0.796875 0.1171875 0.6171875
  vertex 0.796875 -0.125 0.5625
 endloop
endfacet
facet normal -0.9749748 -0.048967347 0.21685539
 outer loop
  vertex -0.796875 0.1171875 0.6171875
  vertex -0.859375 0.046875 0.3203125
  vertex -0.796875 -0.125 0.5625
 endloop
endfacet
facet normal 0.9816547 0.18823482 -0.030360455
 outer loop
  vertex 0.796875 0.359375 0.5390625
  vertex 0.8203125 0.203125 0.328125
  vertex 0.7734375 0.4375 0.265625
 endloop
endfacet
facet normal -0.99558944 0.02880201 0.08928623
 outer loop
  vertex -0.796875 0.359375 0.5390625
  vertex -0.8203125 0.203125 0.328125
  vertex -0.796875 0.1171875 0.6171875
 endloop
endfacet
facet normal 0.74664503 -0.028490402 -0.6646123
 outer loop
  vertex 0.296875 0.265625 -0.3125
  vertex 0.40625 -0.1484375 -0.171875
  vertex 0.2109375 -0.1640625 -0.390625
 endloop
endfacet
facet normal -0.6374071 -0.091466494 -0.7650791
 outer loop
  vertex -0.296875 0.265625 -0.3125
  vertex -0.40625 -0.1484375 -0.171875
  vertex -0.4296875 0.2109375 -0.1953125
 endloop
endfacet
facet normal 0.37226754 -0.08472296 -0.9242504
 outer loop
  vertex 0.40625 -0.1484375 -0.171875
  vertex 0.59375 0.1640625 -0.125
  vertex 0.734375 -0.0703125 -0.046875
 endloop
endfacet
facet normal -0.3720037 -0.0845463 -0.92437285
 outer loop
  vertex -0.40625 -0.1484375 -0.171875
  vertex -0.59375 0.1640625 -0.125
  vertex -0.4296875 0.2109375 -0.1953125
 endloop
endfacet
facet normal 0.39859 -0.2733785 -0.8754372
 outer loop
  vertex 0.6015625 -0.4140625 0
  vertex 0.40625 -0.1484375 -0.171875
  vertex 0.734375 -0.0703125 -0.046875
 endloop
endfacet
facet normal -0.39859 -0.2733785 -0.8754372
 outer loop
  vertex -0.40625 -0.1484375 -0.171875
  vertex -0.6015625 -0.4140625 0
  vertex -0.734375 -0.0703125 -0.046875
 endloop
endfacet
facet normal 0.6327884 -0.12466067 -0.7642241
 outer loop
  vertex 0.4375 -0.46875 -0.09375
  vertex 0.21875 -0.4296875 -0.28125
  vertex 0.40625 -0.1484375 -0.171875
 endloop
endfacet
facet normal -0.6327884 -0.12466067 -0.7642241
 outer loop
  vertex -0.21875 -0.4296875 -0.28125
  vertex -0.4375 -0.46875 -0.09375
  vertex -0.40625 -0.1484375 -0.171875
 endloop
endfacet
facet normal 0.7324889 -0.24067491 -0.63681686
 outer loop
  vertex 0.21875 -0.4296875 -0.28125
  vertex 0.2109375 -0.1640625 -0.390625
  vertex 0.40625 -0.1484375 -0.171875
 endloop
endfacet
facet normal -0.7324889 -0.24067491 -0.63681686
 outer loop
  vertex -0.40625 -0.1484375 -0.171875
  vertex -0.2109375 -0.1640625 -0.390625
  vertex -0.21875 -0.4296875 -0.28125
 endloop
endfacet
facet normal 0.26373234 -0.8532517 -0.44989637
 outer loop
  vertex 0.4375 -0.46875 -0.09375
  vertex 0.203125 -0.5 -0.171875
  vertex 0.2109375 -0.46875 -0.2265625
 endloop
endfacet
facet normal -0.26373234 -0.8532517 -0.44989637
 outer loop
  vertex -0.2109375 -0.46875 -0.2265625
  vertex -0.203125 -0.5 -0.171875
  vertex -0.4375 -0.46875 -0.09375
 endloop
endfacet
facet normal 0.5880636 0.74828184 -0.30701038
 outer loop
  vertex 0.640625 0.4296875 -0.0078125
  vertex 0.6171875 0.5859375 0.328125
  vertex 0.7734375 0.4375 0.265625
 endloop
endfacet
facet normal -0.52360755 0.7858747 -0.32899237
 outer loop
  vertex -0.640625 0.4296875 -0.0078125
  vertex -0.6171875 0.5859375 0.328125
  vertex -0.484375 0.546875 0.0234375
 endloop
endfacet
facet normal 0.4693537 0.8497772 -0.23997031
 outer loop
  vertex 0.6171875 0.5859375 0.328125
  vertex 0.3359375 0.6640625 0.0546875
  vertex 0.4609375 0.703125 0.4375
 endloop
endfacet
facet normal -0.5396378 0.77268493 -0.33428892
 outer loop
  vertex -0.6171875 0.5859375 0.328125
  vertex -0.3359375 0.6640625 0.0546875
  vertex -0.484375 0.546875 0.0234375
 endloop
endfacet
facet normal 0.4462593 0.29412544 -0.8451881
 outer loop
  vertex 0.4296875 0.2109375 -0.1953125
  vertex 0.640625 0.4296875 -0.0078125
  vertex 0.59375 0.1640625 -0.125
 endloop
endfacet
facet normal -0.21436153 0.5082443 -0.8341084
 outer loop
  vertex -0.4296875 0.2109375 -0.1953125
  vertex -0.640625 0.4296875 -0.0078125
  vertex -0.484375 0.546875 0.0234375
 endloop
endfacet
facet normal 0.69734085 0.27706847 -0.66102105
 outer loop
  vertex 0.34375 0.5390625 -0.1484375
  vertex 0.4296875 0.2109375 -0.1953125
  vertex 0.296875 0.265625 -0.3125
 endloop
endfacet
facet normal -0.7365212 0.28080872 -0.61537224
 outer loop
  vertex -0.34375 0.5390625 -0.1484375
  vertex -0.4296875 0.2109375 -0.1953125
  vertex -0.484375 0.546875 0.0234375
 endloop
endfacet
facet normal 0.4972049 0.7473325 -0.44077367
 outer loop
  vertex 0.3359375 0.6640625 0.0546875
  vertex 0.484375 0.546875 0.0234375
  vertex 0.34375 0.5390625 -0.1484375
 endloop
endfacet
facet normal -0.4972049 0.7473325 -0.44077367
 outer loop
  vertex -0.34375 0.5390625 -0.1484375
  vertex -0.484375 0.546875 0.0234375
  vertex -0.3359375 0.6640625 0.0546875
 endloop
endfacet
facet normal 0.36909834 -0.88444316 0.2855289
 outer loop
  vertex 0.890625 0.234375 0.40625
  vertex 1.015625 0.2890625 0.4140625
  vertex 1.0234375 0.3125 0.4765625
 endloop
endfacet
facet normal -0.32444286 -0.8111071 0.48666427
 outer loop
  vertex -0.890625 0.234375 0.40625
  vertex -1.015625 0.2890625 0.4140625
  vertex -0.921875 0.21875 0.359375
 endloop
endfacet
facet normal 0.44670808 -0.8893552 0.097463585
 outer loop
  vertex 1.0234375 0.3125 0.4765625
  vertex 1.1875 0.390625 0.4375
  vertex 1.234375 0.421875 0.5078125
 endloop
endfacet
facet normal -0.44670808 -0.8893552 0.097463585
 outer loop
  vertex -1.1875 0.390625 0.4375
  vertex -1.0234375 0.3125 0.4765625
  vertex -1.234375 0.421875 0.5078125
 endloop
endfacet
facet normal 0.31883836 -0.92662394 0.19927397
 outer loop
  vertex 1.1875 0.390625 0.4375
  vertex 1.3515625 0.421875 0.3203125
  vertex 1.234375 0.421875 0.5078125
 endloop
endfacet
facet normal -0.18165931 -0.9833298 -0.007898231
 outer loop
  vertex -1.1875 0.390625 0.4375
  vertex -1.3515625 0.421875 0.3203125
  vertex -1.265625 0.40625 0.2890625
 endloop
endfacet
facet normal 0.20761353 -0.9746302 -0.08362211
 outer loop
  vertex 1.265625 0.40625 0.2890625
  vertex 1.28125 0.4296875 0.0546875
  vertex 1.3515625 0.421875 0.3203125
 endloop
endfacet
facet normal -0.29247788 -0.9532612 -0.0758276
 outer loop
  vertex -1.265625 0.40625 0.2890625
  vertex -1.28125 0.4296875 0.0546875
  vertex -1.2109375 0.40625 0.078125
 endloop
endfacet
facet normal 0.3397551 -0.93690044 0.08236487
 outer loop
  vertex 1.2109375 0.40625 0.078125
  vertex 1.0390625 0.328125 -0.1015625
  vertex 1.28125 0.4296875 0.0546875
 endloop
endfacet
facet normal -0.584705 -0.7809147 -0.2197549
 outer loop
  vertex -1.2109375 0.40625 0.078125
  vertex -1.0390625 0.328125 -0.1015625
  vertex -1.03125 0.3046875 -0.0390625
 endloop
endfacet
facet normal 0.595688 -0.7049408 -0.38498613
 outer loop
  vertex 1.0390625 0.328125 -0.1015625
  vertex 0.828125 0.1328125 -0.0703125
  vertex 0.7734375 0.125 -0.140625
 endloop
endfacet
facet normal -0.595688 -0.7049408 -0.38498613
 outer loop
  vertex -0.828125 0.1328125 -0.0703125
  vertex -1.0390625 0.328125 -0.1015625
  vertex -0.7734375 0.125 -0.140625
 endloop
endfacet
facet normal 0.48431787 -0.67383355 0.55801845
 outer loop
  vertex 1.03125 0.3046875 -0.0390625
  vertex 0.8828125 0.2109375 -0.0234375
  vertex 0.828125 0.1328125 -0.0703125
 endloop
endfacet
facet normal -0.48431787 -0.67383355 0.55801845
 outer loop
  vertex -0.8828125 0.2109375 -0.0234375
  vertex -1.03125 0.3046875 -0.0390625
  vertex -0.828125 0.1328125 -0.0703125
 endloop
endfacet
facet normal -0.2675267 -0.48641217 0.8317648
 outer loop
  vertex 1.2109375 0.40625 0.078125
  vertex 1.0390625 0.3671875 0
  vertex 1.03125 0.3046875 -0.0390625
 endloop
endfacet
facet normal 0.2675267 -0.48641217 0.8317648
 outer loop
  vertex -1.0390625 0.3671875 0
  vertex -1.2109375 0.40625 0.078125
  vertex -1.03125 0.3046875 -0.0390625
 endloop
endfacet
facet normal -0.85761404 -0.46374685 0.22234438
 outer loop
  vertex 1.234375 0.4453125 0.25
  vertex 1.2109375 0.40625 0.078125
  vertex 1.265625 0.40625 0.2890625
 endloop
endfacet
facet normal 0.78850234 -0.56772166 0.2365507
 outer loop
  vertex -1.234375 0.4453125 0.25
  vertex -1.2109375 0.40625 0.078125
  vertex -1.1875 0.4453125 0.09375
 endloop
endfacet
facet normal -0.52567315 -0.7717329 -0.35790512
 outer loop
  vertex 1.171875 0.4375 0.359375
  vertex 1.265625 0.40625 0.2890625
  vertex 1.1875 0.390625 0.4375
 endloop
endfacet
facet normal 0.5241765 -0.7741684 -0.35482717
 outer loop
  vertex -1.171875 0.4375 0.359375
  vertex -1.265625 0.40625 0.2890625
  vertex -1.234375 0.4453125 0.25
 endloop
endfacet
facet normal 0.4663101 -0.6508912 -0.59907895
 outer loop
  vertex 1.0234375 0.359375 0.34375
  vertex 1.1875 0.390625 0.4375
  vertex 1.015625 0.2890625 0.4140625
 endloop
endfacet
facet normal -0.4389761 -0.72901386 -0.5252035
 outer loop
  vertex -1.0234375 0.359375 0.34375
  vertex -1.1875 0.390625 0.4375
  vertex -1.171875 0.4375 0.359375
 endloop
endfacet
facet normal 0.7103582 -0.53558755 -0.45665884
 outer loop
  vertex 1.015625 0.2890625 0.4140625
  vertex 0.9453125 0.2890625 0.3046875
  vertex 1.0234375 0.359375 0.34375
 endloop
endfacet
facet normal -0.7103582 -0.53558755 -0.45665884
 outer loop
  vertex -0.9453125 0.2890625 0.3046875
  vertex -1.015625 0.2890625 0.4140625
  vertex -1.0234375 0.359375 0.34375
 endloop
endfacet
facet normal 0.75071716 0.2460684 -0.6130857
 outer loop
  vertex 0.59375 0.1640625 -0.125
  vertex 0.7265625 0.0703125 0
  vertex 0.734375 -0.0703125 -0.046875
 endloop
endfacet
facet normal -0.6302015 -0.1282387 -0.7657682
 outer loop
  vertex -0.59375 0.1640625 -0.125
  vertex -0.7265625 0.0703125 0
  vertex -0.71875 0.171875 -0.0234375
 endloop
endfacet
facet normal -0.17880778 -0.93945044 0.29233655
 outer loop
  vertex 0.7734375 0.125 -0.140625
  vertex 0.71875 0.171875 -0.0234375
  vertex 0.59375 0.1640625 -0.125
 endloop
endfacet
facet normal 0.21752097 -0.9370134 0.27329558
 outer loop
  vertex -0.7734375 0.125 -0.140625
  vertex -0.71875 0.171875 -0.0234375
  vertex -0.828125 0.1328125 -0.0703125
 endloop
endfacet
facet normal 0.9041856 0.23323517 -0.35784024
 outer loop
  vertex 0.8515625 -0.0546875 0.234375
  vertex 0.7265625 0.0703125 0
  vertex 0.859375 0.046875 0.3203125
 endloop
endfacet
facet normal -0.9041856 0.23323517 -0.35784024
 outer loop
  vertex -0.7265625 0.0703125 0
  vertex -0.8515625 -0.0546875 0.234375
  vertex -0.859375 0.046875 0.3203125
 endloop
endfacet
facet normal 0.03998401 -0.9396242 0.33986408
 outer loop
  vertex 0.8203125 0.203125 0.328125
  vertex 0.921875 0.21875 0.359375
  vertex 0.890625 0.234375 0.40625
 endloop
endfacet
facet normal -0.03998401 -0.9396242 0.33986408
 outer loop
  vertex -0.921875 0.21875 0.359375
  vertex -0.8203125 0.203125 0.328125
  vertex -0.890625 0.234375 0.40625
 endloop
endfacet
facet normal 0.27340823 -0.3220974 0.90636706
 outer loop
  vertex 0.828125 0.1328125 -0.0703125
  vertex 0.8125 0.2734375 -0.015625
  vertex 0.71875 0.171875 -0.0234375
 endloop
endfacet
facet normal -0.27340823 -0.3220974 0.90636706
 outer loop
  vertex -0.8125 0.2734375 -0.015625
  vertex -0.828125 0.1328125 -0.0703125
  vertex -0.71875 0.171875 -0.0234375
 endloop
endfacet
facet normal 0.44795462 -0.7737398 -0.44795462
 outer loop
  vertex 0.71875 0.1875 0.0390625
  vertex 0.8125 0.2734375 -0.015625
  vertex 0.84375 0.2734375 0.015625
 endloop
endfacet
facet normal -0.7177406 -0.67552054 0.16888013
 outer loop
  vertex -0.71875 0.1875 0.0390625
  vertex -0.8125 0.2734375 -0.015625
  vertex -0.71875 0.171875 -0.0234375
 endloop
endfacet
facet normal -0 -1 -0
 outer loop
  vertex 0.7578125 0.2734375 0.09375
  vertex 0.84375 0.2734375 0.015625
  vertex 0.8203125 0.2734375 0.0859375
 endloop
endfacet
facet normal 0 -1 -0
 outer loop
  vertex -0.84375 0.2734375 0.015625
  vertex -0.7578125 0.2734375 0.09375
  vertex -0.8203125 0.2734375 0.0859375
 endloop
endfacet
facet normal 0.55337155 -0.622543 -0.55337155
 outer loop
  vertex 0.796875 0.2109375 0.203125
  vertex 0.7578125 0.2734375 0.09375
  vertex 0.8359375 0.2734375 0.171875
 endloop
endfacet
facet normal -0.90078163 -0.15013027 -0.40749645
 outer loop
  vertex -0.796875 0.2109375 0.203125
  vertex -0.7578125 0.2734375 0.09375
  vertex -0.71875 0.1875 0.0390625
 endloop
endfacet
facet normal 0.57238394 -0.7582229 -0.31220943
 outer loop
  vertex 0.796875 0.2109375 0.203125
  vertex 0.890625 0.265625 0.2421875
  vertex 0.84375 0.2109375 0.2890625
 endloop
endfacet
facet normal -0.58151525 -0.6242737 -0.5216534
 outer loop
  vertex -0.796875 0.2109375 0.203125
  vertex -0.890625 0.265625 0.2421875
  vertex -0.8359375 0.2734375 0.171875
 endloop
endfacet
facet normal 0.5596814 -0.61692154 -0.55332136
 outer loop
  vertex 0.84375 0.2109375 0.2890625
  vertex 0.9453125 0.2890625 0.3046875
  vertex 0.921875 0.21875 0.359375
 endloop
endfacet
facet normal -0.613754 -0.7464576 -0.25711316
 outer loop
  vertex -0.84375 0.2109375 0.2890625
  vertex -0.9453125 0.2890625 0.3046875
  vertex -0.890625 0.265625 0.2421875
 endloop
endfacet
facet normal 0.95510757 0.24695928 -0.16364771
 outer loop
  vertex 0.796875 0.2109375 0.203125
  vertex 0.8203125 0.203125 0.328125
  vertex 0.859375 0.046875 0.3203125
 endloop
endfacet
facet normal -0.17124902 -0.9807898 -0.093408555
 outer loop
  vertex -0.796875 0.2109375 0.203125
  vertex -0.8203125 0.203125 0.328125
  vertex -0.84375 0.2109375 0.2890625
 endloop
endfacet
facet normal 0.92271215 0.082546555 -0.37654796
 outer loop
  vertex 0.7265625 0.0703125 0
  vertex 0.796875 0.2109375 0.203125
  vertex 0.859375 0.046875 0.3203125
 endloop
endfacet
facet normal -0.8716733 0.20629601 -0.44455338
 outer loop
  vertex -0.7265625 0.0703125 0
  vertex -0.796875 0.2109375 0.203125
  vertex -0.71875 0.1875 0.0390625
 endloop
endfacet
facet normal 0.9972019 0.07252377 -0.018130943
 outer loop
  vertex 0.7265625 0.0703125 0
  vertex 0.71875 0.171875 -0.0234375
  vertex 0.71875 0.1875 0.0390625
 endloop
endfacet
facet normal -0.9972019 0.07252377 -0.018130943
 outer loop
  vertex -0.71875 0.1875 0.0390625
  vertex -0.71875 0.171875 -0.0234375
  vertex -0.7265625 0.0703125 0
 endloop
endfacet
facet normal 0.6894959 -0.28833467 -0.66442335
 outer loop
  vertex 0.9453125 0.2890625 0.3046875
  vertex 0.890625 0.3203125 0.234375
  vertex 0.953125 0.34375 0.2890625
 endloop
endfacet
facet normal -0.6894959 -0.28833467 -0.66442335
 outer loop
  vertex -0.890625 0.3203125 0.234375
  vertex -0.9453125 0.2890625 0.3046875
  vertex -0.953125 0.34375 0.2890625
 endloop
endfacet
facet normal 0.78149885 -0.08823374 -0.61763614
 outer loop
  vertex 0.8359375 0.2734375 0.171875
  vertex 0.890625 0.3203125 0.234375
  vertex 0.890625 0.265625 0.2421875
 endloop
endfacet
facet normal -0.79298234 -0.13216372 -0.59473675
 outer loop
  vertex -0.8359375 0.2734375 0.171875
  vertex -0.890625 0.3203125 0.234375
  vertex -0.84375 0.3203125 0.171875
 endloop
endfacet
facet normal 0.70224684 -0.11704114 -0.70224684
 outer loop
  vertex 0.8359375 0.2734375 0.171875
  vertex 0.765625 0.3203125 0.09375
  vertex 0.84375 0.3203125 0.171875
 endloop
endfacet
facet normal -0.70224684 -0.11704114 -0.70224684
 outer loop
  vertex -0.765625 0.3203125 0.09375
  vertex -0.8359375 0.2734375 0.171875
  vertex -0.84375 0.3203125 0.171875
 endloop
endfacet
facet normal 0.124008246 -0.020668041 0.99206597
 outer loop
  vertex 0.8203125 0.2734375 0.0859375
  vertex 0.765625 0.3203125 0.09375
  vertex 0.7578125 0.2734375 0.09375
 endloop
endfacet
facet normal -0.2407717 0.12038585 0.9630868
 outer loop
  vertex -0.8203125 0.2734375 0.0859375
  vertex -0.765625 0.3203125 0.09375
  vertex -0.828125 0.3203125 0.078125
 endloop
endfacet
facet normal 0.94345635 -0.104828484 0.31448546
 outer loop
  vertex 0.84375 0.2734375 0.015625
  vertex 0.828125 0.3203125 0.078125
  vertex 0.8203125 0.2734375 0.0859375
 endloop
endfacet
facet normal -0.92513204 -0.15418866 0.3469245
 outer loop
  vertex -0.84375 0.2734375 0.015625
  vertex -0.828125 0.3203125 0.078125
  vertex -0.8515625 0.3203125 0.015625
 endloop
endfacet
facet normal 0.62133646 -0.103556074 -0.7766706
 outer loop
  vertex 0.84375 0.2734375 0.015625
  vertex 0.8125 0.3203125 -0.015625
  vertex 0.8515625 0.3203125 0.015625
 endloop
endfacet
facet normal -0.62133646 -0.103556074 -0.7766706
 outer loop
  vertex -0.8125 0.3203125 -0.015625
  vertex -0.84375 0.2734375 0.015625
  vertex -0.8515625 0.3203125 0.015625
 endloop
endfacet
facet normal 0 0 1
 outer loop
  vertex 0.8125 0.2734375 -0.015625
  vertex 0.8828125 0.265625 -0.015625
  vertex 0.8125 0.3203125 -0.015625
 endloop
endfacet
facet normal 0 0 1
 outer loop
  vertex -0.8828125 0.265625 -0.015625
  vertex -0.8125 0.2734375 -0.015625
  vertex -0.8125 0.3203125 -0.015625
 endloop
endfacet
facet normal 0.6197241 -0.37417305 -0.68988156
 outer loop
  vertex 1.0234375 0.359375 0.34375
  vertex 0.953125 0.34375 0.2890625
  vertex 1.0390625 0.4140625 0.328125
 endloop
endfacet
facet normal -0.6197241 -0.37417305 -0.68988156
 outer loop
  vertex -0.953125 0.34375 0.2890625
  vertex -1.0234375 0.359375 0.34375
  vertex -1.0390625 0.4140625 0.328125
 endloop
endfacet
facet normal 0.27524093 -0.38533732 -0.880771
 outer loop
  vertex 1.171875 0.4375 0.359375
  vertex 1.0390625 0.4140625 0.328125
  vertex 1.1875 0.484375 0.34375
 endloop
endfacet
facet normal -0.27524093 -0.38533732 -0.880771
 outer loop
  vertex -1.0390625 0.4140625 0.328125
  vertex -1.171875 0.4375 0.359375
  vertex -1.1875 0.484375 0.34375
 endloop
endfacet
facet normal -0.79293007 0.3089338 -0.52518743
 outer loop
  vertex 1.234375 0.4453125 0.25
  vertex 1.1875 0.484375 0.34375
  vertex 1.2578125 0.4921875 0.2421875
 endloop
endfacet
facet normal 0.79293007 0.3089338 -0.52518743
 outer loop
  vertex -1.1875 0.484375 0.34375
  vertex -1.234375 0.4453125 0.25
  vertex -1.2578125 0.4921875 0.2421875
 endloop
endfacet
facet normal -0.80961704 0.53434724 0.24288513
 outer loop
  vertex 1.234375 0.4453125 0.25
  vertex 1.2109375 0.484375 0.0859375
  vertex 1.1875 0.4453125 0.09375
 endloop
endfacet
facet normal 0.8537656 0.4656903 0.23284516
 outer loop
  vertex -1.234375 0.4453125 0.25
  vertex -1.2109375 0.484375 0.0859375
  vertex -1.2578125 0.4921875 0.2421875
 endloop
endfacet
facet normal -0.5621402 0.08030575 0.8231339
 outer loop
  vertex 1.1875 0.4453125 0.09375
  vertex 1.046875 0.421875 0
  vertex 1.0390625 0.3671875 0
 endloop
endfacet
facet normal 0.5433054 0.4656903 0.6985355
 outer loop
  vertex -1.1875 0.4453125 0.09375
  vertex -1.046875 0.421875 0
  vertex -1.2109375 0.484375 0.0859375
 endloop
endfacet
facet normal -0.0070708906 -0.14141782 0.9899247
 outer loop
  vertex 1.0390625 0.3671875 0
  vertex 0.8828125 0.265625 -0.015625
  vertex 0.8828125 0.2109375 -0.0234375
 endloop
endfacet
facet normal 0.109559044 0.015651293 0.9938571
 outer loop
  vertex -1.0390625 0.3671875 0
  vertex -0.8828125 0.265625 -0.015625
  vertex -1.046875 0.421875 0
 endloop
endfacet
facet normal 0.104604214 -0.9937401 0.03922658
 outer loop
  vertex 0.8515625 0.3203125 0.015625
  vertex 0.890625 0.328125 0.109375
  vertex 0.828125 0.3203125 0.078125
 endloop
endfacet
facet normal -0.17377724 -0.98473763 0.009654291
 outer loop
  vertex -0.8515625 0.3203125 0.015625
  vertex -0.890625 0.328125 0.109375
  vertex -0.9375 0.3359375 0.0625
 endloop
endfacet
facet normal 0.24610576 -0.96549183 0.08519045
 outer loop
  vertex 0.9375 0.3359375 0.0625
  vertex 0.9609375 0.3515625 0.171875
  vertex 0.890625 0.328125 0.109375
 endloop
endfacet
facet normal -0.4134491 -0.90958804 0.04134491
 outer loop
  vertex -0.9375 0.3359375 0.0625
  vertex -0.9609375 0.3515625 0.171875
  vertex -1 0.3671875 0.125
 endloop
endfacet
facet normal 0.30094525 -0.94913507 0.09259854
 outer loop
  vertex 0.9609375 0.3515625 0.171875
  vertex 1.0546875 0.3828125 0.1875
  vertex 1.015625 0.375 0.234375
 endloop
endfacet
facet normal -0.30094525 -0.94913507 0.09259854
 outer loop
  vertex -1.0546875 0.3828125 0.1875
  vertex -0.9609375 0.3515625 0.171875
  vertex -1.015625 0.375 0.234375
 endloop
endfacet
facet normal 0.21035801 -0.9775461 0.012374001
 outer loop
  vertex 1.0546875 0.3828125 0.1875
  vertex 1.0859375 0.390625 0.2734375
  vertex 1.015625 0.375 0.234375
 endloop
endfacet
facet normal -0.12202723 -0.9914713 0.045760214
 outer loop
  vertex -1.0546875 0.3828125 0.1875
  vertex -1.0859375 0.390625 0.2734375
  vertex -1.109375 0.390625 0.2109375
 endloop
endfacet
facet normal -0.009915581 -0.922149 0.38670766
 outer loop
  vertex 1.0390625 0.4140625 0.328125
  vertex 1.015625 0.375 0.234375
  vertex 1.0859375 0.390625 0.2734375
 endloop
endfacet
facet normal 0.009915581 -0.922149 0.38670766
 outer loop
  vertex -1.015625 0.375 0.234375
  vertex -1.0390625 0.4140625 0.328125
  vertex -1.0859375 0.390625 0.2734375
 endloop
endfacet
facet normal 0.37866533 -0.9248172 -0.036410127
 outer loop
  vertex 0.9609375 0.3515625 0.171875
  vertex 0.953125 0.34375 0.2890625
  vertex 0.890625 0.3203125 0.234375
 endloop
endfacet
facet normal -0.42442122 -0.9048981 -0.032031793
 outer loop
  vertex -0.9609375 0.3515625 0.171875
  vertex -0.953125 0.34375 0.2890625
  vertex -1.015625 0.375 0.234375
 endloop
endfacet
facet normal 0.25298223 -0.9486833 -0.18973666
 outer loop
  vertex 0.84375 0.3203125 0.171875
  vertex 0.9609375 0.3515625 0.171875
  vertex 0.890625 0.3203125 0.234375
 endloop
endfacet
facet normal -0.25698873 -0.9637078 0.07227808
 outer loop
  vertex -0.84375 0.3203125 0.171875
  vertex -0.9609375 0.3515625 0.171875
  vertex -0.890625 0.328125 0.109375
 endloop
endfacet
facet normal 0 -1 -0
 outer loop
  vertex 0.828125 0.3203125 0.078125
  vertex 0.84375 0.3203125 0.171875
  vertex 0.765625 0.3203125 0.09375
 endloop
endfacet
facet normal -0 -1 0
 outer loop
  vertex -0.84375 0.3203125 0.171875
  vertex -0.828125 0.3203125 0.078125
  vertex -0.765625 0.3203125 0.09375
 endloop
endfacet
facet normal -0.48704863 -0.6262054 0.6088108
 outer loop
  vertex 0.8828125 0.265625 -0.015625
  vertex 0.8515625 0.3203125 0.015625
  vertex 0.8125 0.3203125 -0.015625
 endloop
endfacet
facet normal 0.2981424 -0.5962848 0.74535596
 outer loop
  vertex -0.8828125 0.265625 -0.015625
  vertex -0.8515625 0.3203125 0.015625
  vertex -0.9375 0.3359375 0.0625
 endloop
endfacet
facet normal 0.6693121 -0.7207977 0.18019943
 outer loop
  vertex 1.046875 0.421875 0
  vertex 0.9375 0.3359375 0.0625
  vertex 0.8828125 0.265625 -0.015625
 endloop
endfacet
facet normal -0.6693121 -0.7207977 0.18019943
 outer loop
  vertex -0.9375 0.3359375 0.0625
  vertex -1.046875 0.421875 0
  vertex -0.8828125 0.265625 -0.015625
 endloop
endfacet
facet normal 0.4388194 -0.87586224 -0.20075545
 outer loop
  vertex 1.0546875 0.3828125 0.1875
  vertex 1.046875 0.421875 0
  vertex 1.2109375 0.484375 0.0859375
 endloop
endfacet
facet normal -0.4723203 -0.8587641 -0.1985892
 outer loop
  vertex -1.0546875 0.3828125 0.1875
  vertex -1.046875 0.421875 0
  vertex -1 0.3671875 0.125
 endloop
endfacet
facet normal 0.57860976 -0.8046292 -0.13335148
 outer loop
  vertex 1.109375 0.390625 0.2109375
  vertex 1.2109375 0.484375 0.0859375
  vertex 1.2578125 0.4921875 0.2421875
 endloop
endfacet
facet normal -0.29752687 -0.8639722 -0.4062386
 outer loop
  vertex -1.109375 0.390625 0.2109375
  vertex -1.2109375 0.484375 0.0859375
  vertex -1.0546875 0.3828125 0.1875
 endloop
endfacet
facet normal 0.5001964 -0.8182404 0.28334826
 outer loop
  vertex 1.1875 0.484375 0.34375
  vertex 1.109375 0.390625 0.2109375
  vertex 1.2578125 0.4921875 0.2421875
 endloop
endfacet
facet normal -0.5001964 -0.8182404 0.28334826
 outer loop
  vertex -1.109375 0.390625 0.2109375
  vertex -1.1875 0.484375 0.34375
  vertex -1.2578125 0.4921875 0.2421875
 endloop
endfacet
facet normal 0.29796413 -0.7579789 0.5802459
 outer loop
  vertex 1.0390625 0.4140625 0.328125
  vertex 1.0859375 0.390625 0.2734375
  vertex 1.1875 0.484375 0.34375
 endloop
endfacet
facet normal -0.29796413 -0.7579789 0.5802459
 outer loop
  vertex -1.1875 0.484375 0.34375
  vertex -1.0859375 0.390625 0.2734375
  vertex -1.0390625 0.4140625 0.328125
 endloop
endfacet
facet normal 0.092923895 0.09439888 -0.99118817
 outer loop
  vertex 1.0390625 0.328125 -0.1015625
  vertex 0.7890625 0.328125 -0.125
  vertex 1.0390625 0.4921875 -0.0859375
 endloop
endfacet
facet normal -0.092923895 0.09439888 -0.99118817
 outer loop
  vertex -0.7890625 0.328125 -0.125
  vertex -1.0390625 0.328125 -0.1015625
  vertex -1.0390625 0.4921875 -0.0859375
 endloop
endfacet
facet normal 0.46878353 -0.14424108 -0.87145656
 outer loop
  vertex 1.28125 0.4296875 0.0546875
  vertex 1.0390625 0.4921875 -0.0859375
  vertex 1.3125 0.53125 0.0546875
 endloop
endfacet
facet normal -0.46878353 -0.14424108 -0.87145656
 outer loop
  vertex -1.0390625 0.4921875 -0.0859375
  vertex -1.28125 0.4296875 0.0546875
  vertex -1.3125 0.53125 0.0546875
 endloop
endfacet
facet normal 0.9308895 -0.2624169 -0.25413007
 outer loop
  vertex 1.28125 0.4296875 0.0546875
  vertex 1.3671875 0.5 0.296875
  vertex 1.3515625 0.421875 0.3203125
 endloop
endfacet
facet normal -0.9264147 -0.2850507 -0.24597116
 outer loop
  vertex -1.28125 0.4296875 0.0546875
  vertex -1.3671875 0.5 0.296875
  vertex -1.3125 0.53125 0.0546875
 endloop
endfacet
facet normal 0.8464949 0.059519175 0.52905935
 outer loop
  vertex 1.3515625 0.421875 0.3203125
  vertex 1.25 0.546875 0.46875
  vertex 1.234375 0.421875 0.5078125
 endloop
endfacet
facet normal -0.82666296 0.0034733738 0.56268656
 outer loop
  vertex -1.3515625 0.421875 0.3203125
  vertex -1.25 0.546875 0.46875
  vertex -1.3671875 0.5 0.296875
 endloop
endfacet
facet normal -0.25107056 0.21452232 0.94389814
 outer loop
  vertex 1.234375 0.421875 0.5078125
  vertex 1.0234375 0.484375 0.4375
  vertex 1.0234375 0.3125 0.4765625
 endloop
endfacet
facet normal 0.21456803 0.3156626 0.92429304
 outer loop
  vertex -1.234375 0.421875 0.5078125
  vertex -1.0234375 0.484375 0.4375
  vertex -1.25 0.546875 0.46875
 endloop
endfacet
facet normal -0.4840985 0.03612675 0.8742674
 outer loop
  vertex 1.0234375 0.3125 0.4765625
  vertex 0.859375 0.3828125 0.3828125
  vertex 0.890625 0.234375 0.40625
 endloop
endfacet
facet normal 0.41958177 0.20116934 0.8851451
 outer loop
  vertex -1.0234375 0.3125 0.4765625
  vertex -0.859375 0.3828125 0.3828125
  vertex -1.0234375 0.484375 0.4375
 endloop
endfacet
facet normal -0.5256307 0.85070753 -0.002993341
 outer loop
  vertex 1.0390625 0.4921875 -0.0859375
  vertex 0.859375 0.3828125 0.3828125
  vertex 1.0234375 0.484375 0.4375
 endloop
endfacet
facet normal 0.5470264 0.83699155 -0.014395432
 outer loop
  vertex -1.0390625 0.4921875 -0.0859375
  vertex -0.859375 0.3828125 0.3828125
  vertex -0.7890625 0.328125 -0.125
 endloop
endfacet
facet normal -0.14664614 0.9891345 0.010385704
 outer loop
  vertex 1.0234375 0.484375 0.4375
  vertex 1.3125 0.53125 0.0546875
  vertex 1.0390625 0.4921875 -0.0859375
 endloop
endfacet
facet normal 0.14664614 0.9891345 0.010385704
 outer loop
  vertex -1.3125 0.53125 0.0546875
  vertex -1.0234375 0.484375 0.4375
  vertex -1.0390625 0.4921875 -0.0859375
 endloop
endfacet
facet normal 0.40462434 0.9140966 0.02658116
 outer loop
  vertex 1.25 0.546875 0.46875
  vertex 1.3671875 0.5 0.296875
  vertex 1.3125 0.53125 0.0546875
 endloop
endfacet
facet normal -0.40462434 0.9140966 0.02658116
 outer loop
  vertex -1.3125 0.53125 0.0546875
  vertex -1.3671875 0.5 0.296875
  vertex -1.25 0.546875 0.46875
 endloop
endfacet
facet normal -0.80730927 -0.0040980163 0.59011436
 outer loop
  vertex 0.8203125 0.203125 0.328125
  vertex 0.859375 0.3828125 0.3828125
  vertex 0.7734375 0.4375 0.265625
 endloop
endfacet
facet normal 0.7330107 -0.04717396 0.6785792
 outer loop
  vertex -0.8203125 0.203125 0.328125
  vertex -0.859375 0.3828125 0.3828125
  vertex -0.890625 0.234375 0.40625
 endloop
endfacet
facet normal 0.41998196 0.8781441 -0.22908106
 outer loop
  vertex 0.7734375 0.4375 0.265625
  vertex 0.7890625 0.328125 -0.125
  vertex 0.640625 0.4296875 -0.0078125
 endloop
endfacet
facet normal -0.41998196 0.8781441 -0.22908106
 outer loop
  vertex -0.7890625 0.328125 -0.125
  vertex -0.7734375 0.4375 0.265625
  vertex -0.640625 0.4296875 -0.0078125
 endloop
endfacet
facet normal -0.06868395 0.08176661 -0.994282
 outer loop
  vertex 0.59375 0.1640625 -0.125
  vertex 0.7890625 0.328125 -0.125
  vertex 0.7734375 0.125 -0.140625
 endloop
endfacet
facet normal 0.06868395 0.08176661 -0.994282
 outer loop
  vertex -0.7890625 0.328125 -0.125
  vertex -0.59375 0.1640625 -0.125
  vertex -0.7734375 0.125 -0.140625
 endloop
endfacet
facet normal 0.6713447 -0.7144586 -0.19709203
 outer loop
  vertex 0.46875 -0.7578125 0.2421875
  vertex 0.4375 -0.765625 0.1640625
  vertex 0.5 -0.6875 0.09375
 endloop
endfacet
facet normal -0.6713447 -0.7144586 -0.19709203
 outer loop
  vertex -0.5 -0.6875 0.09375
  vertex -0.4375 -0.765625 0.1640625
  vertex -0.46875 -0.7578125 0.2421875
 endloop
endfacet
facet normal 0.8325801 -0.46455556 -0.30165946
 outer loop
  vertex 0.5625 -0.671875 0.2421875
  vertex 0.5 -0.6875 0.09375
  vertex 0.546875 -0.578125 0.0546875
 endloop
endfacet
facet normal -0.8325801 -0.46455556 -0.30165946
 outer loop
  vertex -0.546875 -0.578125 0.0546875
  vertex -0.5 -0.6875 0.09375
  vertex -0.5625 -0.671875 0.2421875
 endloop
endfacet
facet normal 0.4257577 -0.42898315 -0.79668295
 outer loop
  vertex 0.5 -0.6875 0.09375
  vertex 0.3515625 -0.71875 0.03125
  vertex 0.3515625 -0.6171875 -0.0234375
 endloop
endfacet
facet normal -0.4257577 -0.42898315 -0.79668295
 outer loop
  vertex -0.3515625 -0.6171875 -0.0234375
  vertex -0.3515625 -0.71875 0.03125
  vertex -0.5 -0.6875 0.09375
 endloop
endfacet
facet normal 0.3264977 -0.80498576 -0.49537584
 outer loop
  vertex 0.4375 -0.765625 0.1640625
  vertex 0.3515625 -0.78125 0.1328125
  vertex 0.3515625 -0.71875 0.03125
 endloop
endfacet
facet normal -0.3264977 -0.80498576 -0.49537584
 outer loop
  vertex -0.3515625 -0.71875 0.03125
  vertex -0.3515625 -0.78125 0.1328125
  vertex -0.4375 -0.765625 0.1640625
 endloop
endfacet
facet normal -0.06492959 -0.81811285 -0.5713804
 outer loop
  vertex 0.3515625 -0.78125 0.1328125
  vertex 0.2734375 -0.796875 0.1640625
  vertex 0.203125 -0.7421875 0.09375
 endloop
endfacet
facet normal 0.06492959 -0.81811285 -0.5713804
 outer loop
  vertex -0.203125 -0.7421875 0.09375
  vertex -0.2734375 -0.796875 0.1640625
  vertex -0.3515625 -0.78125 0.1328125
 endloop
endfacet
facet normal -0.27378932 -0.48335642 -0.8315083
 outer loop
  vertex 0.3515625 -0.71875 0.03125
  vertex 0.203125 -0.7421875 0.09375
  vertex 0.15625 -0.6484375 0.0546875
 endloop
endfacet
facet normal 0.27378932 -0.48335642 -0.8315083
 outer loop
  vertex -0.15625 -0.6484375 0.0546875
  vertex -0.203125 -0.7421875 0.09375
  vertex -0.3515625 -0.71875 0.03125
 endloop
endfacet
facet normal -0.76057005 -0.55314183 -0.33995178
 outer loop
  vertex 0.140625 -0.7421875 0.2421875
  vertex 0.078125 -0.65625 0.2421875
  vertex 0.15625 -0.6484375 0.0546875
 endloop
endfacet
facet normal 0.7824202 -0.52847683 -0.32944012
 outer loop
  vertex -0.140625 -0.7421875 0.2421875
  vertex -0.203125 -0.7421875 0.09375
  vertex -0.15625 -0.6484375 0.0546875
 endloop
endfacet
facet normal -0.46492696 -0.8634358 -0.19575872
 outer loop
  vertex 0.2421875 -0.796875 0.2421875
  vertex 0.140625 -0.7421875 0.2421875
  vertex 0.203125 -0.7421875 0.09375
 endloop
endfacet
facet normal 0.4767313 -0.8581163 -0.19069251
 outer loop
  vertex -0.2421875 -0.796875 0.2421875
  vertex -0.2734375 -0.796875 0.1640625
  vertex -0.203125 -0.7421875 0.09375
 endloop
endfacet
facet normal -0.49834275 -0.8478299 0.18121554
 outer loop
  vertex 0.2421875 -0.796875 0.2421875
  vertex 0.2734375 -0.796875 0.328125
  vertex 0.203125 -0.7421875 0.390625
 endloop
endfacet
facet normal 0.49834275 -0.8478299 0.18121554
 outer loop
  vertex -0.203125 -0.7421875 0.390625
  vertex -0.2734375 -0.796875 0.328125
  vertex -0.2421875 -0.796875 0.2421875
 endloop
endfacet
facet normal -0.7683498 -0.5488213 0.32929277
 outer loop
  vertex 0.203125 -0.7421875 0.390625
  vertex 0.15625 -0.6484375 0.4375
  vertex 0.078125 -0.65625 0.2421875
 endloop
endfacet
facet normal 0.7655678 -0.5567766 0.32234433
 outer loop
  vertex -0.203125 -0.7421875 0.390625
  vertex -0.140625 -0.7421875 0.2421875
  vertex -0.078125 -0.65625 0.2421875
 endloop
endfacet
facet normal -0.24873658 -0.50762564 0.8248917
 outer loop
  vertex 0.3515625 -0.71875 0.453125
  vertex 0.3515625 -0.6171875 0.515625
  vertex 0.15625 -0.6484375 0.4375
 endloop
endfacet
facet normal 0.25598687 -0.531665 0.8073432
 outer loop
  vertex -0.3515625 -0.71875 0.453125
  vertex -0.203125 -0.7421875 0.390625
  vertex -0.15625 -0.6484375 0.4375
 endloop
endfacet
facet normal -0.10165231 -0.82774025 0.55182683
 outer loop
  vertex 0.3515625 -0.78125 0.359375
  vertex 0.3515625 -0.71875 0.453125
  vertex 0.203125 -0.7421875 0.390625
 endloop
endfacet
facet normal 0.08213785 -0.79399925 0.6023443
 outer loop
  vertex -0.3515625 -0.78125 0.359375
  vertex -0.2734375 -0.796875 0.328125
  vertex -0.203125 -0.7421875 0.390625
 endloop
endfacet
facet normal 0.38606003 -0.7445443 0.5446204
 outer loop
  vertex 0.4375 -0.765625 0.328125
  vertex 0.5 -0.6875 0.390625
  vertex 0.3515625 -0.71875 0.453125
 endloop
endfacet
facet normal -0.33286193 -0.7846031 0.5230687
 outer loop
  vertex -0.4375 -0.765625 0.328125
  vertex -0.3515625 -0.78125 0.359375
  vertex -0.3515625 -0.71875 0.453125
 endloop
endfacet
facet normal 0.4059141 -0.5014233 0.7640736
 outer loop
  vertex 0.5 -0.6875 0.390625
  vertex 0.546875 -0.578125 0.4375
  vertex 0.3515625 -0.6171875 0.515625
 endloop
endfacet
facet normal -0.42456695 -0.474516 0.77108854
 outer loop
  vertex -0.5 -0.6875 0.390625
  vertex -0.3515625 -0.71875 0.453125
  vertex -0.3515625 -0.6171875 0.515625
 endloop
endfacet
facet normal 0.8298687 -0.47421068 0.2940106
 outer loop
  vertex 0.5625 -0.671875 0.2421875
  vertex 0.625 -0.5625 0.2421875
  vertex 0.546875 -0.578125 0.4375
 endloop
endfacet
facet normal -0.82507473 -0.48079893 0.29678947
 outer loop
  vertex -0.5625 -0.671875 0.2421875
  vertex -0.5 -0.6875 0.390625
  vertex -0.546875 -0.578125 0.4375
 endloop
endfacet
facet normal 0.6617073 -0.7218625 0.20262806
 outer loop
  vertex 0.46875 -0.7578125 0.2421875
  vertex 0.5625 -0.671875 0.2421875
  vertex 0.5 -0.6875 0.390625
 endloop
endfacet
facet normal -0.6887994 -0.70047396 0.18679306
 outer loop
  vertex -0.46875 -0.7578125 0.2421875
  vertex -0.4375 -0.765625 0.328125
  vertex -0.5 -0.6875 0.390625
 endloop
endfacet
facet normal 0.7815718 0.5437021 0.30583245
 outer loop
  vertex 0.4375 -0.765625 0.328125
  vertex 0.4453125 -0.78125 0.3359375
  vertex 0.4765625 -0.7734375 0.2421875
 endloop
endfacet
facet normal -0.8399639 0.41998196 0.3436216
 outer loop
  vertex -0.4375 -0.765625 0.328125
  vertex -0.46875 -0.7578125 0.2421875
  vertex -0.4765625 -0.7734375 0.2421875
 endloop
endfacet
facet normal 0.20365326 0.5430754 0.81461304
 outer loop
  vertex 0.3515625 -0.78125 0.359375
  vertex 0.3515625 -0.8046875 0.375
  vertex 0.4453125 -0.78125 0.3359375
 endloop
endfacet
facet normal -0.20739034 0.51847583 0.82956135
 outer loop
  vertex -0.3515625 -0.78125 0.359375
  vertex -0.4375 -0.765625 0.328125
  vertex -0.4453125 -0.78125 0.3359375
 endloop
endfacet
facet normal -0.43806285 0.41229445 0.7988205
 outer loop
  vertex 0.2734375 -0.796875 0.328125
  vertex 0.265625 -0.8203125 0.3359375
  vertex 0.3515625 -0.8046875 0.375
 endloop
endfacet
facet normal 0.40561607 0.5070201 0.7605302
 outer loop
  vertex -0.2734375 -0.796875 0.328125
  vertex -0.3515625 -0.78125 0.359375
  vertex -0.3515625 -0.8046875 0.375
 endloop
endfacet
facet normal -0.78614616 0.52409744 0.3275609
 outer loop
  vertex 0.2421875 -0.796875 0.2421875
  vertex 0.2265625 -0.8203125 0.2421875
  vertex 0.265625 -0.8203125 0.3359375
 endloop
endfacet
facet normal 0.86424166 0.3928371 0.3142697
 outer loop
  vertex -0.2421875 -0.796875 0.2421875
  vertex -0.2734375 -0.796875 0.328125
  vertex -0.265625 -0.8203125 0.3359375
 endloop
endfacet
facet normal -0.8519427 0.39757326 -0.3407771
 outer loop
  vertex 0.2421875 -0.796875 0.2421875
  vertex 0.2734375 -0.796875 0.1640625
  vertex 0.265625 -0.8203125 0.15625
 endloop
endfacet
facet normal 0.8519427 0.39757326 -0.3407771
 outer loop
  vertex -0.265625 -0.8203125 0.15625
  vertex -0.2734375 -0.796875 0.1640625
  vertex -0.2421875 -0.796875 0.2421875
 endloop
endfacet
facet normal -0.40561607 0.5070201 -0.7605302
 outer loop
  vertex 0.2734375 -0.796875 0.1640625
  vertex 0.3515625 -0.78125 0.1328125
  vertex 0.3515625 -0.8046875 0.1171875
 endloop
endfacet
facet normal 0.40561607 0.5070201 -0.7605302
 outer loop
  vertex -0.3515625 -0.8046875 0.1171875
  vertex -0.3515625 -0.78125 0.1328125
  vertex -0.2734375 -0.796875 0.1640625
 endloop
endfacet
facet normal 0.20739034 0.51847583 -0.82956135
 outer loop
  vertex 0.3515625 -0.78125 0.1328125
  vertex 0.4375 -0.765625 0.1640625
  vertex 0.4453125 -0.78125 0.15625
 endloop
endfacet
facet normal -0.20739034 0.51847583 -0.82956135
 outer loop
  vertex -0.4453125 -0.78125 0.15625
  vertex -0.4375 -0.765625 0.1640625
  vertex -0.3515625 -0.78125 0.1328125
 endloop
endfacet
facet normal 0.8297398 0.4148699 -0.37338293
 outer loop
  vertex 0.4375 -0.765625 0.1640625
  vertex 0.46875 -0.7578125 0.2421875
  vertex 0.4765625 -0.7734375 0.2421875
 endloop
endfacet
facet normal -0.8297398 0.4148699 -0.37338293
 outer loop
  vertex -0.4765625 -0.7734375 0.2421875
  vertex -0.46875 -0.7578125 0.2421875
  vertex -0.4375 -0.765625 0.1640625
 endloop
endfacet
facet normal 0.10540926 -0.52704626 -0.84327406
 outer loop
  vertex 0.1640625 -0.6328125 -0.9296875
  vertex 0 -0.640625 -0.9453125
  vertex 0 -0.578125 -0.984375
 endloop
endfacet
facet normal -0.13669163 -0.46475157 -0.8748265
 outer loop
  vertex -0.1640625 -0.6328125 -0.9296875
  vertex -0.1796875 -0.5546875 -0.96875
  vertex 0 -0.578125 -0.984375
 endloop
endfacet
facet normal 0.19155647 -0.46931335 -0.86200416
 outer loop
  vertex 0.234375 -0.6328125 -0.9140625
  vertex 0.1640625 -0.6328125 -0.9296875
  vertex 0.1796875 -0.5546875 -0.96875
 endloop
endfacet
facet normal -0.23028931 -0.4446966 -0.8655702
 outer loop
  vertex -0.234375 -0.6328125 -0.9140625
  vertex -0.328125 -0.5234375 -0.9453125
  vertex -0.1796875 -0.5546875 -0.96875
 endloop
endfacet
facet normal 0.59587955 -0.68100524 -0.42562827
 outer loop
  vertex 0.3671875 -0.53125 -0.890625
  vertex 0.265625 -0.6640625 -0.8203125
  vertex 0.234375 -0.6328125 -0.9140625
 endloop
endfacet
facet normal -0.59587955 -0.68100524 -0.42562827
 outer loop
  vertex -0.234375 -0.6328125 -0.9140625
  vertex -0.265625 -0.6640625 -0.8203125
  vertex -0.3671875 -0.53125 -0.890625
 endloop
endfacet
facet normal 0.7563364 -0.6535012 -0.029855385
 outer loop
  vertex 0.3515625 -0.5703125 -0.6953125
  vertex 0.25 -0.6875 -0.703125
  vertex 0.265625 -0.6640625 -0.8203125
 endloop
endfacet
facet normal -0.7563364 -0.6535012 -0.029855385
 outer loop
  vertex -0.265625 -0.6640625 -0.8203125
  vertex -0.25 -0.6875 -0.703125
  vertex -0.3515625 -0.5703125 -0.6953125
 endloop
endfacet
facet normal 0.80692923 -0.58661187 0.06893365
 outer loop
  vertex 0.3125 -0.5703125 -0.4375
  vertex 0.2109375 -0.7109375 -0.4453125
  vertex 0.25 -0.6875 -0.703125
 endloop
endfacet
facet normal -0.80692923 -0.58661187 0.06893365
 outer loop
  vertex -0.25 -0.6875 -0.703125
  vertex -0.2109375 -0.7109375 -0.4453125
  vertex -0.3125 -0.5703125 -0.4375
 endloop
endfacet
facet normal 0.23337294 -0.5834324 -0.7779098
 outer loop
  vertex 0.203125 -0.5625 -0.1875
  vertex 0.4375 -0.53125 -0.140625
  vertex 0.3984375 -0.671875 -0.046875
 endloop
endfacet
facet normal -0.23337294 -0.5834324 -0.7779098
 outer loop
  vertex -0.3984375 -0.671875 -0.046875
  vertex -0.4375 -0.53125 -0.140625
  vertex -0.203125 -0.5625 -0.1875
 endloop
endfacet
facet normal 0.41774356 -0.7033636 -0.57512605
 outer loop
  vertex 0.6328125 -0.5390625 -0.0390625
  vertex 0.6171875 -0.625 0.0546875
  vertex 0.3984375 -0.671875 -0.046875
 endloop
endfacet
facet normal -0.35569707 -0.58481723 -0.72901875
 outer loop
  vertex -0.6328125 -0.5390625 -0.0390625
  vertex -0.4375 -0.53125 -0.140625
  vertex -0.3984375 -0.671875 -0.046875
 endloop
endfacet
facet normal 0.6871914 -0.59337276 -0.41913804
 outer loop
  vertex 0.6328125 -0.5390625 -0.0390625
  vertex 0.828125 -0.4453125 0.1484375
  vertex 0.7265625 -0.6015625 0.203125
 endloop
endfacet
facet normal -0.6871914 -0.59337276 -0.41913804
 outer loop
  vertex -0.7265625 -0.6015625 0.203125
  vertex -0.828125 -0.4453125 0.1484375
  vertex -0.6328125 -0.5390625 -0.0390625
 endloop
endfacet
facet normal 0.55370706 -0.77765083 -0.29777136
 outer loop
  vertex 0.859375 -0.59375 0.4296875
  vertex 0.7421875 -0.65625 0.375
  vertex 0.7265625 -0.6015625 0.203125
 endloop
endfacet
facet normal -0.7028484 -0.5938889 -0.39153564
 outer loop
  vertex -0.859375 -0.59375 0.4296875
  vertex -0.828125 -0.4453125 0.1484375
  vertex -0.7265625 -0.6015625 0.203125
 endloop
endfacet
facet normal 0.822669 -0.4395081 0.36062205
 outer loop
  vertex 0.7109375 -0.625 0.484375
  vertex 0.6875 -0.7265625 0.4140625
  vertex 0.7421875 -0.65625 0.375
 endloop
endfacet
facet normal -0.3126936 -0.8859652 0.34247395
 outer loop
  vertex -0.7109375 -0.625 0.484375
  vertex -0.859375 -0.59375 0.4296875
  vertex -0.7421875 -0.65625 0.375
 endloop
endfacet
facet normal 0.5041409 -0.57448614 0.6448314
 outer loop
  vertex 0.4921875 -0.6875 0.6015625
  vertex 0.4375 -0.796875 0.546875
  vertex 0.6875 -0.7265625 0.4140625
 endloop
endfacet
facet normal -0.5090583 -0.56625587 0.6482391
 outer loop
  vertex -0.4921875 -0.6875 0.6015625
  vertex -0.7109375 -0.625 0.484375
  vertex -0.6875 -0.7265625 0.4140625
 endloop
endfacet
facet normal 0.6154575 -0.6154575 0.492366
 outer loop
  vertex 0.4921875 -0.6875 0.6015625
  vertex 0.3203125 -0.734375 0.7578125
  vertex 0.3125 -0.8359375 0.640625
 endloop
endfacet
facet normal -0.6154575 -0.6154575 0.492366
 outer loop
  vertex -0.3125 -0.8359375 0.640625
  vertex -0.3203125 -0.734375 0.7578125
  vertex -0.4921875 -0.6875 0.6015625
 endloop
endfacet
facet normal -0.03713907 -0.74278134 0.6685032
 outer loop
  vertex 0.15625 -0.7578125 0.71875
  vertex 0.203125 -0.8515625 0.6171875
  vertex 0.3125 -0.8359375 0.640625
 endloop
endfacet
facet normal 0.048592955 -0.75319076 0.6560049
 outer loop
  vertex -0.15625 -0.7578125 0.71875
  vertex -0.3203125 -0.734375 0.7578125
  vertex -0.3125 -0.8359375 0.640625
 endloop
endfacet
facet normal -0.7386325 -0.55896515 0.37680238
 outer loop
  vertex 0.0625 -0.75 0.4921875
  vertex 0.1015625 -0.84375 0.4296875
  vertex 0.203125 -0.8515625 0.6171875
 endloop
endfacet
facet normal 0.7103534 -0.6493535 0.27154782
 outer loop
  vertex -0.0625 -0.75 0.4921875
  vertex -0.15625 -0.7578125 0.71875
  vertex -0.203125 -0.8515625 0.6171875
 endloop
endfacet
facet normal -0.57735026 -0.57735026 0.57735026
 outer loop
  vertex 0 -0.7421875 0.4296875
  vertex 0 -0.8203125 0.3515625
  vertex 0.1015625 -0.84375 0.4296875
 endloop
endfacet
facet normal 0.6013168 -0.6013168 0.5261522
 outer loop
  vertex 0 -0.7421875 0.4296875
  vertex -0.0625 -0.75 0.4921875
  vertex -0.1015625 -0.84375 0.4296875
 endloop
endfacet
facet normal 0.5364082 -0.7796862 -0.32304135
 outer loop
  vertex 0.25 -0.7578125 0.46875
  vertex 0.203125 -0.8515625 0.6171875
  vertex 0.1015625 -0.84375 0.4296875
 endloop
endfacet
facet normal -0.50702316 -0.5902658 -0.6281033
 outer loop
  vertex -0.25 -0.7578125 0.46875
  vertex -0.1640625 -0.7734375 0.4140625
  vertex -0.1015625 -0.84375 0.4296875
 endloop
endfacet
facet normal 0.21807548 -0.8561482 -0.46845844
 outer loop
  vertex 0.25 -0.7578125 0.46875
  vertex 0.328125 -0.7421875 0.4765625
  vertex 0.3125 -0.8359375 0.640625
 endloop
endfacet
facet normal -0.21807548 -0.8561482 -0.46845844
 outer loop
  vertex -0.3125 -0.8359375 0.640625
  vertex -0.328125 -0.7421875 0.4765625
  vertex -0.25 -0.7578125 0.46875
 endloop
endfacet
facet normal -0.107348435 -0.8587875 -0.5009594
 outer loop
  vertex 0.4375 -0.796875 0.546875
  vertex 0.3125 -0.8359375 0.640625
  vertex 0.328125 -0.7421875 0.4765625
 endloop
endfacet
facet normal 0.034841277 -0.8144148 -0.5792362
 outer loop
  vertex -0.4375 -0.796875 0.546875
  vertex -0.4296875 -0.71875 0.4375
  vertex -0.328125 -0.7421875 0.4765625
 endloop
endfacet
facet normal -0.07701517 -0.8139103 -0.5758634
 outer loop
  vertex 0.6875 -0.7265625 0.4140625
  vertex 0.4375 -0.796875 0.546875
  vertex 0.4296875 -0.71875 0.4375
 endloop
endfacet
facet normal 0.08990184 -0.61381257 -0.78431606
 outer loop
  vertex -0.6875 -0.7265625 0.4140625
  vertex -0.6015625 -0.6640625 0.375
  vertex -0.4296875 -0.71875 0.4375
 endloop
endfacet
facet normal 0.02788557 -0.50194025 -0.86445266
 outer loop
  vertex 0.7421875 -0.65625 0.375
  vertex 0.6875 -0.7265625 0.4140625
  vertex 0.6015625 -0.6640625 0.375
 endloop
endfacet
facet normal -0.05466767 -0.984018 -0.16946977
 outer loop
  vertex -0.7421875 -0.65625 0.375
  vertex -0.640625 -0.6484375 0.296875
  vertex -0.6015625 -0.6640625 0.375
 endloop
endfacet
facet normal 0.1686746 -0.9347384 -0.31275082
 outer loop
  vertex 0.7265625 -0.6015625 0.203125
  vertex 0.7421875 -0.65625 0.375
  vertex 0.640625 -0.6484375 0.296875
 endloop
endfacet
facet normal -0.42598453 -0.90268147 -0.06085493
 outer loop
  vertex -0.7265625 -0.6015625 0.203125
  vertex -0.625 -0.6484375 0.1875
  vertex -0.640625 -0.6484375 0.296875
 endloop
endfacet
facet normal 0.4349679 -0.88201827 -0.18123664
 outer loop
  vertex 0.6171875 -0.625 0.0546875
  vertex 0.7265625 -0.6015625 0.203125
  vertex 0.625 -0.6484375 0.1875
 endloop
endfacet
facet normal -0.3351679 -0.92425096 -0.18281886
 outer loop
  vertex -0.6171875 -0.625 0.0546875
  vertex -0.4921875 -0.671875 0.0625
  vertex -0.625 -0.6484375 0.1875
 endloop
endfacet
facet normal 0.32227698 -0.90544486 -0.27623743
 outer loop
  vertex 0.3984375 -0.671875 -0.046875
  vertex 0.6171875 -0.625 0.0546875
  vertex 0.4921875 -0.671875 0.0625
 endloop
endfacet
facet normal -0.35788777 -0.88193774 -0.30676094
 outer loop
  vertex -0.3984375 -0.671875 -0.046875
  vertex -0.375 -0.703125 0.015625
  vertex -0.4921875 -0.671875 0.0625
 endloop
endfacet
facet normal 0.42841122 -0.89113957 0.14944577
 outer loop
  vertex 0.203125 -0.7421875 0.09375
  vertex 0.125 -0.8125 -0.1015625
  vertex 0.3984375 -0.671875 -0.046875
 endloop
endfacet
facet normal -0.42841122 -0.89113957 0.14944577
 outer loop
  vertex -0.3984375 -0.671875 -0.046875
  vertex -0.125 -0.8125 -0.1015625
  vertex -0.203125 -0.7421875 0.09375
 endloop
endfacet
facet normal -0.031654447 -0.98128784 -0.18992668
 outer loop
  vertex 0.203125 -0.7421875 0.09375
  vertex 0.1640625 -0.75 0.140625
  vertex 0 -0.7265625 0.046875
 endloop
endfacet
facet normal 0.031654447 -0.98128784 -0.18992668
 outer loop
  vertex 0 -0.7265625 0.046875
  vertex -0.1640625 -0.75 0.140625
  vertex -0.203125 -0.7421875 0.09375
 endloop
endfacet
facet normal 0.18539649 -0.8485455 -0.4955791
 outer loop
  vertex 0.1015625 -0.84375 0.4296875
  vertex 0 -0.8203125 0.3515625
  vertex 0.125 -0.765625 0.3046875
 endloop
endfacet
facet normal -0.68188506 -0.67088693 -0.29145086
 outer loop
  vertex -0.1015625 -0.84375 0.4296875
  vertex -0.1640625 -0.7734375 0.4140625
  vertex -0.125 -0.765625 0.3046875
 endloop
endfacet
facet normal 0.26231563 -0.89936787 -0.34975418
 outer loop
  vertex 0.125 -0.765625 0.3046875
  vertex 0 -0.8203125 0.3515625
  vertex 0 -0.765625 0.2109375
 endloop
endfacet
facet normal -0.26231563 -0.89936787 -0.34975418
 outer loop
  vertex 0 -0.765625 0.2109375
  vertex 0 -0.8203125 0.3515625
  vertex -0.125 -0.765625 0.3046875
 endloop
endfacet
facet normal 0.058511917 -0.9947026 -0.08451721
 outer loop
  vertex 0.1640625 -0.75 0.140625
  vertex 0.1328125 -0.7578125 0.2109375
  vertex 0 -0.765625 0.2109375
 endloop
endfacet
facet normal 0.0066175847 -0.97278494 -0.23161545
 outer loop
  vertex -0.1640625 -0.75 0.140625
  vertex 0 -0.7265625 0.046875
  vertex 0 -0.765625 0.2109375
 endloop
endfacet
facet normal -0.013556907 -0.7591868 -0.65073156
 outer loop
  vertex 0.0625 -0.6953125 -0.8828125
  vertex 0 -0.6875 -0.890625
  vertex 0 -0.640625 -0.9453125
 endloop
endfacet
facet normal 0.013556907 -0.7591868 -0.65073156
 outer loop
  vertex 0 -0.640625 -0.9453125
  vertex 0 -0.6875 -0.890625
  vertex -0.0625 -0.6953125 -0.8828125
 endloop
endfacet
facet normal 0.2404278 -0.80142605 -0.5476411
 outer loop
  vertex 0.1171875 -0.7109375 -0.8359375
  vertex 0.0625 -0.6953125 -0.8828125
  vertex 0.1640625 -0.6328125 -0.9296875
 endloop
endfacet
facet normal -0.2404278 -0.80142605 -0.5476411
 outer loop
  vertex -0.1640625 -0.6328125 -0.9296875
  vertex -0.0625 -0.6953125 -0.8828125
  vertex -0.1171875 -0.7109375 -0.8359375
 endloop
endfacet
facet normal 0.3142697 -0.8642416 -0.3928371
 outer loop
  vertex 0.1171875 -0.7109375 -0.8359375
  vertex 0.234375 -0.6328125 -0.9140625
  vertex 0.265625 -0.6640625 -0.8203125
 endloop
endfacet
facet normal -0.31280816 -0.93516606 -0.16617933
 outer loop
  vertex -0.1171875 -0.7109375 -0.8359375
  vertex -0.109375 -0.734375 -0.71875
  vertex -0.265625 -0.6640625 -0.8203125
 endloop
endfacet
facet normal 0.28212845 -0.95923674 -0.016381651
 outer loop
  vertex 0.2109375 -0.7109375 -0.4453125
  vertex 0.078125 -0.75 -0.4453125
  vertex 0.1171875 -0.734375 -0.6875
 endloop
endfacet
facet normal -0.28212845 -0.95923674 -0.016381651
 outer loop
  vertex -0.1171875 -0.734375 -0.6875
  vertex -0.078125 -0.75 -0.4453125
  vertex -0.2109375 -0.7109375 -0.4453125
 endloop
endfacet
facet normal 0.32725075 -0.9340282 -0.1431722
 outer loop
  vertex 0.109375 -0.734375 -0.71875
  vertex 0.265625 -0.6640625 -0.8203125
  vertex 0.25 -0.6875 -0.703125
 endloop
endfacet
facet normal -0.32725075 -0.9340282 -0.1431722
 outer loop
  vertex -0.25 -0.6875 -0.703125
  vertex -0.265625 -0.6640625 -0.8203125
  vertex -0.109375 -0.734375 -0.71875
 endloop
endfacet
facet normal 0 -0.99778515 0.066519015
 outer loop
  vertex 0 -0.7421875 -0.328125
  vertex 0 -0.75 -0.4453125
  vertex 0.078125 -0.75 -0.4453125
 endloop
endfacet
facet normal 0.023219176 -0.99842453 0.051082183
 outer loop
  vertex 0 -0.7421875 -0.328125
  vertex -0.0859375 -0.7421875 -0.2890625
  vertex -0.078125 -0.75 -0.4453125
 endloop
endfacet
facet normal 0 -0.99778515 -0.066519015
 outer loop
  vertex 0.078125 -0.75 -0.4453125
  vertex 0 -0.75 -0.4453125
  vertex 0 -0.734375 -0.6796875
 endloop
endfacet
facet normal 0.004338568 -0.9978707 -0.06507853
 outer loop
  vertex -0.078125 -0.75 -0.4453125
  vertex -0.1171875 -0.734375 -0.6875
  vertex 0 -0.734375 -0.6796875
 endloop
endfacet
facet normal 0 -1 -0
 outer loop
  vertex 0.109375 -0.734375 -0.71875
  vertex 0.1171875 -0.734375 -0.6875
  vertex 0 -0.734375 -0.6796875
 endloop
endfacet
facet normal -0 -1 -0
 outer loop
  vertex -0.109375 -0.734375 -0.71875
  vertex 0 -0.734375 -0.765625
  vertex 0 -0.734375 -0.6796875
 endloop
endfacet
facet normal 0.7826087 0.13043478 -0.6086956
 outer loop
  vertex 0.125 -0.75 -0.2265625
  vertex 0.1328125 -0.796875 -0.2265625
  vertex 0.09375 -0.78125 -0.2734375
 endloop
endfacet
facet normal -0.7826087 0.13043478 -0.6086956
 outer loop
  vertex -0.09375 -0.78125 -0.2734375
  vertex -0.1328125 -0.796875 -0.2265625
  vertex -0.125 -0.75 -0.2265625
 endloop
endfacet
facet normal 0.9635179 0.16058633 0.2141151
 outer loop
  vertex 0.109375 -0.78125 -0.1328125
  vertex 0.1328125 -0.796875 -0.2265625
  vertex 0.125 -0.75 -0.2265625
 endloop
endfacet
facet normal -0.9256245 0.28480753 0.2492066
 outer loop
  vertex -0.109375 -0.78125 -0.1328125
  vertex -0.1015625 -0.7421875 -0.1484375
  vertex -0.125 -0.75 -0.2265625
 endloop
endfacet
facet normal 0.10182898 0.3869501 0.9164608
 outer loop
  vertex 0.0390625 -0.78125 -0.125
  vertex 0.109375 -0.78125 -0.1328125
  vertex 0.1015625 -0.7421875 -0.1484375
 endloop
endfacet
facet normal -0.0692643 0.42943868 0.9004359
 outer loop
  vertex -0.0390625 -0.78125 -0.125
  vertex 0 -0.7421875 -0.140625
  vertex -0.1015625 -0.7421875 -0.1484375
 endloop
endfacet
facet normal -0.6904563 -0.47076565 0.5492266
 outer loop
  vertex 0 -0.796875 -0.1875
  vertex 0.0390625 -0.78125 -0.125
  vertex 0 -0.7421875 -0.140625
 endloop
endfacet
facet normal 0.43193418 -0.25916052 -0.86386836
 outer loop
  vertex 0.0859375 -0.7421875 -0.2890625
  vertex 0.09375 -0.78125 -0.2734375
  vertex 0 -0.78125 -0.3203125
 endloop
endfacet
facet normal -0.40710998 -0.17912838 -0.8956419
 outer loop
  vertex -0.0859375 -0.7421875 -0.2890625
  vertex 0 -0.7421875 -0.328125
  vertex 0 -0.78125 -0.3203125
 endloop
endfacet
facet normal 0.28734788 -0.766261 -0.57469577
 outer loop
  vertex 0.09375 -0.78125 -0.2734375
  vertex 0.078125 -0.8046875 -0.25
  vertex 0 -0.8046875 -0.2890625
 endloop
endfacet
facet normal -0.28734788 -0.76626104 -0.57469577
 outer loop
  vertex -0.09375 -0.78125 -0.2734375
  vertex 0 -0.78125 -0.3203125
  vertex 0 -0.8046875 -0.2890625
 endloop
endfacet
facet normal -0.6666667 -0.33333334 0.6666667
 outer loop
  vertex 0 -0.796875 -0.1875
  vertex 0 -0.828125 -0.203125
  vertex 0.046875 -0.8125 -0.1484375
 endloop
endfacet
facet normal 0.6666667 -0.33333334 0.6666667
 outer loop
  vertex -0.046875 -0.8125 -0.1484375
  vertex 0 -0.828125 -0.203125
  vertex 0 -0.796875 -0.1875
 endloop
endfacet
facet normal 0.13476342 -0.57274455 0.8085805
 outer loop
  vertex 0.0390625 -0.78125 -0.125
  vertex 0.046875 -0.8125 -0.1484375
  vertex 0.09375 -0.8125 -0.15625
 endloop
endfacet
facet normal -0.13476342 -0.57274455 0.8085805
 outer loop
  vertex -0.09375 -0.8125 -0.15625
  vertex -0.046875 -0.8125 -0.1484375
  vertex -0.0390625 -0.78125 -0.125
 endloop
endfacet
facet normal 0.76388544 -0.57291406 0.29706654
 outer loop
  vertex 0.09375 -0.8125 -0.15625
  vertex 0.109375 -0.828125 -0.2265625
  vertex 0.1328125 -0.796875 -0.2265625
 endloop
endfacet
facet normal -0.75324965 -0.591839 0.28695223
 outer loop
  vertex -0.09375 -0.8125 -0.15625
  vertex -0.109375 -0.78125 -0.1328125
  vertex -0.1328125 -0.796875 -0.2265625
 endloop
endfacet
facet normal 0.4115966 -0.30869743 -0.8574929
 outer loop
  vertex 0.1328125 -0.796875 -0.2265625
  vertex 0.109375 -0.828125 -0.2265625
  vertex 0.078125 -0.8046875 -0.25
 endloop
endfacet
facet normal -0.4115966 -0.30869743 -0.8574929
 outer loop
  vertex -0.078125 -0.8046875 -0.25
  vertex -0.109375 -0.828125 -0.2265625
  vertex -0.1328125 -0.796875 -0.2265625
 endloop
endfacet
facet normal 0.037450295 -0.9737076 0.22470176
 outer loop
  vertex 0.109375 -0.828125 -0.2265625
  vertex 0.09375 -0.8125 -0.15625
  vertex 0.046875 -0.8125 -0.1484375
 endloop
endfacet
facet normal -0.05021668 -0.9708558 0.2343445
 outer loop
  vertex -0.109375 -0.828125 -0.2265625
  vertex 0 -0.828125 -0.203125
  vertex -0.046875 -0.8125 -0.1484375
 endloop
endfacet
facet normal 0.13043478 -0.95652175 -0.26086956
 outer loop
  vertex 0 -0.828125 -0.203125
  vertex 0 -0.8046875 -0.2890625
  vertex 0.078125 -0.8046875 -0.25
 endloop
endfacet
facet normal -0.13043478 -0.95652175 -0.26086956
 outer loop
  vertex -0.078125 -0.8046875 -0.25
  vertex 0 -0.8046875 -0.2890625
  vertex 0 -0.828125 -0.203125
 endloop
endfacet
facet normal -0.063119434 -0.56807494 -0.8205527
 outer loop
  vertex 0 -0.7421875 -0.140625
  vertex 0.1015625 -0.7421875 -0.1484375
  vertex 0.125 -0.8125 -0.1015625
 endloop
endfacet
facet normal 0.063119434 -0.56807494 -0.8205527
 outer loop
  vertex -0.125 -0.8125 -0.1015625
  vertex -0.1015625 -0.7421875 -0.1484375
  vertex 0 -0.7421875 -0.140625
 endloop
endfacet
facet normal 0.732467 -0.61977977 0.28171808
 outer loop
  vertex 0.1015625 -0.7421875 -0.1484375
  vertex 0.125 -0.75 -0.2265625
  vertex 0.1640625 -0.7109375 -0.2421875
 endloop
endfacet
facet normal -0.732467 -0.61977977 0.28171808
 outer loop
  vertex -0.1640625 -0.7109375 -0.2421875
  vertex -0.125 -0.75 -0.2265625
  vertex -0.1015625 -0.7421875 -0.1484375
 endloop
endfacet
facet normal 0.33191356 -0.94042176 0.073758565
 outer loop
  vertex 0.0859375 -0.7421875 -0.2890625
  vertex 0.1796875 -0.7109375 -0.3125
  vertex 0.1640625 -0.7109375 -0.2421875
 endloop
endfacet
facet normal -0.545986 -0.7184026 -0.43104157
 outer loop
  vertex -0.0859375 -0.7421875 -0.2890625
  vertex -0.125 -0.75 -0.2265625
  vertex -0.1640625 -0.7109375 -0.2421875
 endloop
endfacet
facet normal 0.28154647 -0.95725805 0.066246234
 outer loop
  vertex 0.078125 -0.75 -0.4453125
  vertex 0.2109375 -0.7109375 -0.4453125
  vertex 0.1796875 -0.7109375 -0.3125
 endloop
endfacet
facet normal -0.32307217 -0.9458619 0.031139487
 outer loop
  vertex -0.078125 -0.75 -0.4453125
  vertex -0.0859375 -0.7421875 -0.2890625
  vertex -0.1796875 -0.7109375 -0.3125
 endloop
endfacet
facet normal 0.8752544 -0.4376272 0.20594221
 outer loop
  vertex 0.2578125 -0.5546875 -0.3125
  vertex 0.1796875 -0.7109375 -0.3125
  vertex 0.2109375 -0.7109375 -0.4453125
 endloop
endfacet
facet normal -0.7356951 -0.55305755 0.3909988
 outer loop
  vertex -0.2578125 -0.5546875 -0.3125
  vertex -0.3125 -0.5703125 -0.4375
  vertex -0.2109375 -0.7109375 -0.4453125
 endloop
endfacet
facet normal 0.89730096 -0.39381543 0.19940022
 outer loop
  vertex 0.234375 -0.5546875 -0.25
  vertex 0.1640625 -0.7109375 -0.2421875
  vertex 0.1796875 -0.7109375 -0.3125
 endloop
endfacet
facet normal -0.84799826 -0.42399913 0.31799936
 outer loop
  vertex -0.234375 -0.5546875 -0.25
  vertex -0.2578125 -0.5546875 -0.3125
  vertex -0.1796875 -0.7109375 -0.3125
 endloop
endfacet
facet normal 0.9586452 -0.27674517 0.06641884
 outer loop
  vertex 0.203125 -0.5625 -0.1875
  vertex 0.125 -0.8125 -0.1015625
  vertex 0.1640625 -0.7109375 -0.2421875
 endloop
endfacet
facet normal -0.9586452 -0.27674517 0.06641884
 outer loop
  vertex -0.1640625 -0.7109375 -0.2421875
  vertex -0.125 -0.8125 -0.1015625
  vertex -0.203125 -0.5625 -0.1875
 endloop
endfacet
facet normal 0.25242648 -0.4327311 -0.8654622
 outer loop
  vertex 0 -0.734375 -0.765625
  vertex 0 -0.71875 -0.7734375
  vertex 0.09375 -0.7265625 -0.7421875
 endloop
endfacet
facet normal -0.1783315 -0.8916575 -0.41610682
 outer loop
  vertex 0 -0.734375 -0.765625
  vertex -0.109375 -0.734375 -0.71875
  vertex -0.09375 -0.7265625 -0.7421875
 endloop
endfacet
facet normal -0.17511252 -0.96311885 -0.20429794
 outer loop
  vertex 0.1171875 -0.7109375 -0.8359375
  vertex 0.109375 -0.734375 -0.71875
  vertex 0.09375 -0.7265625 -0.7421875
 endloop
endfacet
facet normal 0.17511252 -0.96311885 -0.20429794
 outer loop
  vertex -0.09375 -0.7265625 -0.7421875
  vertex -0.109375 -0.734375 -0.71875
  vertex -0.1171875 -0.7109375 -0.8359375
 endloop
endfacet
facet normal -0.12194215 -0.9755372 -0.18291321
 outer loop
  vertex 0.0625 -0.6953125 -0.8828125
  vertex 0.1171875 -0.7109375 -0.8359375
  vertex 0.09375 -0.7109375 -0.8203125
 endloop
endfacet
facet normal 0.12194215 -0.9755372 -0.18291321
 outer loop
  vertex -0.09375 -0.7109375 -0.8203125
  vertex -0.1171875 -0.7109375 -0.8359375
  vertex -0.0625 -0.6953125 -0.8828125
 endloop
endfacet
facet normal -0.15617375 -0.93704253 0.3123475
 outer loop
  vertex 0 -0.6875 -0.890625
  vertex 0.0625 -0.6953125 -0.8828125
  vertex 0.046875 -0.6875 -0.8671875
 endloop
endfacet
facet normal 0.15617375 -0.93704253 0.3123475
 outer loop
  vertex -0.046875 -0.6875 -0.8671875
  vertex -0.0625 -0.6953125 -0.8828125
  vertex 0 -0.6875 -0.890625
 endloop
endfacet
facet normal -0.15823503 -0.27126005 0.9494102
 outer loop
  vertex 0.046875 -0.6875 -0.8671875
  vertex 0.046875 -0.6328125 -0.8515625
  vertex 0 -0.6328125 -0.859375
 endloop
endfacet
facet normal 0.15823503 -0.27126005 0.9494102
 outer loop
  vertex -0.046875 -0.6875 -0.8671875
  vertex 0 -0.6875 -0.875
  vertex 0 -0.6328125 -0.859375
 endloop
endfacet
facet normal -0.7238423 -0.07619393 0.68574536
 outer loop
  vertex 0.046875 -0.6875 -0.8671875
  vertex 0.09375 -0.7109375 -0.8203125
  vertex 0.09375 -0.640625 -0.8125
 endloop
endfacet
facet normal 0.7238423 -0.07619393 0.68574536
 outer loop
  vertex -0.09375 -0.640625 -0.8125
  vertex -0.09375 -0.7109375 -0.8203125
  vertex -0.046875 -0.6875 -0.8671875
 endloop
endfacet
facet normal -1 -0 -0
 outer loop
  vertex 0.09375 -0.7109375 -0.8203125
  vertex 0.09375 -0.7265625 -0.7421875
  vertex 0.09375 -0.6640625 -0.75
 endloop
endfacet
facet normal 1 -0 -0
 outer loop
  vertex -0.09375 -0.6640625 -0.75
  vertex -0.09375 -0.7265625 -0.7421875
  vertex -0.09375 -0.7109375 -0.8203125
 endloop
endfacet
facet normal 0.30514118 -0.11811916 -0.94495326
 outer loop
  vertex 0 -0.71875 -0.7734375
  vertex 0 -0.65625 -0.78125
  vertex 0.09375 -0.6640625 -0.75
 endloop
endfacet
facet normal -0.30514118 -0.11811916 -0.94495326
 outer loop
  vertex 0 -0.71875 -0.7734375
  vertex -0.09375 -0.7265625 -0.7421875
  vertex -0.09375 -0.6640625 -0.75
 endloop
endfacet
facet normal 0.047836486 -0.95672977 -0.28701892
 outer loop
  vertex 0 -0.65625 -0.78125
  vertex 0 -0.6328125 -0.859375
  vertex 0.046875 -0.6328125 -0.8515625
 endloop
endfacet
facet normal -0.047836486 -0.95672977 -0.28701892
 outer loop
  vertex -0.046875 -0.6328125 -0.8515625
  vertex 0 -0.6328125 -0.859375
  vertex 0 -0.65625 -0.78125
 endloop
endfacet
facet normal -0.5488213 -0.76834977 -0.32929277
 outer loop
  vertex 0.1328125 -0.7578125 0.2109375
  vertex 0.1640625 -0.75 0.140625
  vertex 0.1875 -0.7734375 0.15625
 endloop
endfacet
facet normal 0.5488213 -0.76834977 -0.32929277
 outer loop
  vertex -0.1875 -0.7734375 0.15625
  vertex -0.1640625 -0.75 0.140625
  vertex -0.1328125 -0.7578125 0.2109375
 endloop
endfacet
facet normal -0.4944805 -0.86180884 -0.113024116
 outer loop
  vertex 0.125 -0.765625 0.3046875
  vertex 0.1328125 -0.7578125 0.2109375
  vertex 0.171875 -0.78125 0.21875
 endloop
endfacet
facet normal 0.4944805 -0.86180884 -0.113024116
 outer loop
  vertex -0.171875 -0.78125 0.21875
  vertex -0.1328125 -0.7578125 0.2109375
  vertex -0.125 -0.765625 0.3046875
 endloop
endfacet
facet normal -0.25949964 -0.9601487 0.10379986
 outer loop
  vertex 0.125 -0.765625 0.3046875
  vertex 0.1796875 -0.78125 0.296875
  vertex 0.2109375 -0.78125 0.375
 endloop
endfacet
facet normal 0.17171556 -0.9851051 -0.009037661
 outer loop
  vertex -0.125 -0.765625 0.3046875
  vertex -0.1640625 -0.7734375 0.4140625
  vertex -0.2109375 -0.78125 0.375
 endloop
endfacet
facet normal -0.6684096 -0.5848584 -0.4595316
 outer loop
  vertex 0.203125 -0.7421875 0.09375
  vertex 0.2265625 -0.78125 0.109375
  vertex 0.1875 -0.7734375 0.15625
 endloop
endfacet
facet normal 0.4332243 -0.75814253 -0.48737735
 outer loop
  vertex -0.203125 -0.7421875 0.09375
  vertex -0.1640625 -0.75 0.140625
  vertex -0.1875 -0.7734375 0.15625
 endloop
endfacet
facet normal -0.11561659 -0.7630695 -0.63589126
 outer loop
  vertex 0.203125 -0.7421875 0.09375
  vertex 0.375 -0.703125 0.015625
  vertex 0.375 -0.7421875 0.0625
 endloop
endfacet
facet normal 0.11561659 -0.7630695 -0.63589126
 outer loop
  vertex -0.375 -0.7421875 0.0625
  vertex -0.375 -0.703125 0.015625
  vertex -0.203125 -0.7421875 0.09375
 endloop
endfacet
facet normal 0.42418158 -0.65899634 -0.621123
 outer loop
  vertex 0.375 -0.703125 0.015625
  vertex 0.4921875 -0.671875 0.0625
  vertex 0.4765625 -0.71875 0.1015625
 endloop
endfacet
facet normal -0.42418158 -0.65899634 -0.621123
 outer loop
  vertex -0.4765625 -0.71875 0.1015625
  vertex -0.4921875 -0.671875 0.0625
  vertex -0.375 -0.703125 0.015625
 endloop
endfacet
facet normal 0.47665405 -0.8039091 -0.355712
 outer loop
  vertex 0.4921875 -0.671875 0.0625
  vertex 0.625 -0.6484375 0.1875
  vertex 0.578125 -0.6796875 0.1953125
 endloop
endfacet
facet normal -0.47665405 -0.8039091 -0.355712
 outer loop
  vertex -0.578125 -0.6796875 0.1953125
  vertex -0.625 -0.6484375 0.1875
  vertex -0.4921875 -0.671875 0.0625
 endloop
endfacet
facet normal 0.5870963 -0.80516064 -0.0838709
 outer loop
  vertex 0.625 -0.6484375 0.1875
  vertex 0.640625 -0.6484375 0.296875
  vertex 0.5859375 -0.6875 0.2890625
 endloop
endfacet
facet normal -0.5870963 -0.80516064 -0.0838709
 outer loop
  vertex -0.5859375 -0.6875 0.2890625
  vertex -0.640625 -0.6484375 0.296875
  vertex -0.625 -0.6484375 0.1875
 endloop
endfacet
facet normal 0.57735026 -0.8082904 0.11547006
 outer loop
  vertex 0.6015625 -0.6640625 0.375
  vertex 0.5625 -0.6953125 0.3515625
  vertex 0.5859375 -0.6875 0.2890625
 endloop
endfacet
facet normal -0.56568545 -0.81589246 0.11966422
 outer loop
  vertex -0.6015625 -0.6640625 0.375
  vertex -0.640625 -0.6484375 0.296875
  vertex -0.5859375 -0.6875 0.2890625
 endloop
endfacet
facet normal 0.52138245 -0.54405123 0.65739524
 outer loop
  vertex 0.4296875 -0.71875 0.4375
  vertex 0.421875 -0.7734375 0.3984375
  vertex 0.5625 -0.6953125 0.3515625
 endloop
endfacet
facet normal -0.4082483 -0.8164966 0.4082483
 outer loop
  vertex -0.4296875 -0.71875 0.4375
  vertex -0.6015625 -0.6640625 0.375
  vertex -0.5625 -0.6953125 0.3515625
 endloop
endfacet
facet normal 0.33576906 -0.8753979 0.34776083
 outer loop
  vertex 0.4296875 -0.71875 0.4375
  vertex 0.328125 -0.7421875 0.4765625
  vertex 0.3359375 -0.7578125 0.4296875
 endloop
endfacet
facet normal -0.33576906 -0.8753979 0.34776083
 outer loop
  vertex -0.3359375 -0.7578125 0.4296875
  vertex -0.328125 -0.7421875 0.4765625
  vertex -0.4296875 -0.71875 0.4375
 endloop
endfacet
facet normal 0.14517169 -0.9145816 0.37744638
 outer loop
  vertex 0.328125 -0.7421875 0.4765625
  vertex 0.25 -0.7578125 0.46875
  vertex 0.2734375 -0.7734375 0.421875
 endloop
endfacet
facet normal -0.14517169 -0.9145816 0.37744638
 outer loop
  vertex -0.2734375 -0.7734375 0.421875
  vertex -0.25 -0.7578125 0.46875
  vertex -0.328125 -0.7421875 0.4765625
 endloop
endfacet
facet normal 0.030079817 -0.97258073 0.23061194
 outer loop
  vertex 0.25 -0.7578125 0.46875
  vertex 0.1640625 -0.7734375 0.4140625
  vertex 0.2109375 -0.78125 0.375
 endloop
endfacet
facet normal -0.030079817 -0.97258073 0.23061194
 outer loop
  vertex -0.2109375 -0.78125 0.375
  vertex -0.1640625 -0.7734375 0.4140625
  vertex -0.25 -0.7578125 0.46875
 endloop
endfacet
facet normal 0.4475494 -0.760834 -0.46992686
 outer loop
  vertex 0.2734375 -0.7734375 0.421875
  vertex 0.2109375 -0.78125 0.375
  vertex 0.234375 -0.7578125 0.359375
 endloop
endfacet
facet normal -0.4475494 -0.760834 -0.46992686
 outer loop
  vertex -0.234375 -0.7578125 0.359375
  vertex -0.2109375 -0.78125 0.375
  vertex -0.2734375 -0.7734375 0.421875
 endloop
endfacet
facet normal 0.26270533 -0.9382333 -0.22517599
 outer loop
  vertex 0.3359375 -0.7578125 0.4296875
  vertex 0.2734375 -0.7734375 0.421875
  vertex 0.28125 -0.765625 0.3984375
 endloop
endfacet
facet normal -0.26270533 -0.9382333 -0.22517599
 outer loop
  vertex -0.28125 -0.765625 0.3984375
  vertex -0.2734375 -0.7734375 0.421875
  vertex -0.3359375 -0.7578125 0.4296875
 endloop
endfacet
facet normal -0.06311944 -0.9467916 -0.3155972
 outer loop
  vertex 0.3359375 -0.7578125 0.4296875
  vertex 0.3359375 -0.75 0.40625
  vertex 0.4140625 -0.75 0.390625
 endloop
endfacet
facet normal 0.3765945 -0.40349412 -0.8338879
 outer loop
  vertex -0.3359375 -0.7578125 0.4296875
  vertex -0.421875 -0.7734375 0.3984375
  vertex -0.4140625 -0.75 0.390625
 endloop
endfacet
facet normal -0.20157394 -0.36955222 -0.90708274
 outer loop
  vertex 0.421875 -0.7734375 0.3984375
  vertex 0.4140625 -0.75 0.390625
  vertex 0.53125 -0.6796875 0.3359375
 endloop
endfacet
facet normal -0.0823387 -0.61754024 -0.7822176
 outer loop
  vertex -0.421875 -0.7734375 0.3984375
  vertex -0.5625 -0.6953125 0.3515625
  vertex -0.53125 -0.6796875 0.3359375
 endloop
endfacet
facet normal -0.3356243 -0.9109803 -0.23973165
 outer loop
  vertex 0.5859375 -0.6875 0.2890625
  vertex 0.5625 -0.6953125 0.3515625
  vertex 0.53125 -0.6796875 0.3359375
 endloop
endfacet
facet normal 0.3356243 -0.9109803 -0.23973165
 outer loop
  vertex -0.53125 -0.6796875 0.3359375
  vertex -0.5625 -0.6953125 0.3515625
  vertex -0.5859375 -0.6875 0.2890625
 endloop
endfacet
facet normal -0.45675868 -0.8881419 0.050750963
 outer loop
  vertex 0.5859375 -0.6875 0.2890625
  vertex 0.5546875 -0.671875 0.28125
  vertex 0.546875 -0.671875 0.2109375
 endloop
endfacet
facet normal 0.269181 -0.96136075 -0.057681642
 outer loop
  vertex -0.5859375 -0.6875 0.2890625
  vertex -0.578125 -0.6796875 0.1953125
  vertex -0.546875 -0.671875 0.2109375
 endloop
endfacet
facet normal -0.024676317 -0.91302377 0.40715924
 outer loop
  vertex 0.4765625 -0.71875 0.1015625
  vertex 0.578125 -0.6796875 0.1953125
  vertex 0.546875 -0.671875 0.2109375
 endloop
endfacet
facet normal 0.024676317 -0.91302377 0.40715924
 outer loop
  vertex -0.546875 -0.671875 0.2109375
  vertex -0.578125 -0.6796875 0.1953125
  vertex -0.4765625 -0.71875 0.1015625
 endloop
endfacet
facet normal -0.048679236 -0.73018855 0.6815093
 outer loop
  vertex 0.4765625 -0.71875 0.1015625
  vertex 0.4609375 -0.703125 0.1171875
  vertex 0.375 -0.7265625 0.0859375
 endloop
endfacet
facet normal 0.02132977 -0.831861 0.554574
 outer loop
  vertex -0.4765625 -0.71875 0.1015625
  vertex -0.375 -0.7421875 0.0625
  vertex -0.375 -0.7265625 0.0859375
 endloop
endfacet
facet normal 0.33782247 -0.7831339 0.52208924
 outer loop
  vertex 0.375 -0.7421875 0.0625
  vertex 0.375 -0.7265625 0.0859375
  vertex 0.2421875 -0.7578125 0.125
 endloop
endfacet
facet normal -0.37779242 -0.67462933 0.6341515
 outer loop
  vertex -0.375 -0.7421875 0.0625
  vertex -0.2265625 -0.78125 0.109375
  vertex -0.2421875 -0.7578125 0.125
 endloop
endfacet
facet normal 0.49878377 -0.6858277 0.5299577
 outer loop
  vertex 0.1875 -0.7734375 0.15625
  vertex 0.2265625 -0.78125 0.109375
  vertex 0.2421875 -0.7578125 0.125
 endloop
endfacet
facet normal -0.49878377 -0.6858277 0.5299577
 outer loop
  vertex -0.2421875 -0.7578125 0.125
  vertex -0.2265625 -0.78125 0.109375
  vertex -0.1875 -0.7734375 0.15625
 endloop
endfacet
facet normal 0.7894737 -0.5263158 -0.31578946
 outer loop
  vertex 0.2109375 -0.78125 0.375
  vertex 0.1796875 -0.78125 0.296875
  vertex 0.1953125 -0.7578125 0.296875
 endloop
endfacet
facet normal -0.7894737 -0.5263158 -0.31578946
 outer loop
  vertex -0.1953125 -0.7578125 0.296875
  vertex -0.1796875 -0.78125 0.296875
  vertex -0.2109375 -0.78125 0.375
 endloop
endfacet
facet normal 0.80697006 -0.58505327 -0.08069701
 outer loop
  vertex 0.1796875 -0.78125 0.296875
  vertex 0.171875 -0.78125 0.21875
  vertex 0.1953125 -0.75 0.2265625
 endloop
endfacet
facet normal -0.80697006 -0.58505327 -0.08069701
 outer loop
  vertex -0.1953125 -0.75 0.2265625
  vertex -0.171875 -0.78125 0.21875
  vertex -0.1796875 -0.78125 0.296875
 endloop
endfacet
facet normal 0.78679585 -0.6052276 0.121045515
 outer loop
  vertex 0.171875 -0.78125 0.21875
  vertex 0.1875 -0.7734375 0.15625
  vertex 0.203125 -0.75 0.171875
 endloop
endfacet
facet normal -0.78679585 -0.6052276 0.121045515
 outer loop
  vertex -0.203125 -0.75 0.171875
  vertex -0.1875 -0.7734375 0.15625
  vertex -0.171875 -0.78125 0.21875
 endloop
endfacet
facet normal -0.63570726 0.36326128 0.6811149
 outer loop
  vertex 0 -0.7421875 0.4296875
  vertex 0.0625 -0.75 0.4921875
  vertex 0.109375 -0.609375 0.4609375
 endloop
endfacet
facet normal 0.63570726 0.36326128 0.6811149
 outer loop
  vertex -0.109375 -0.609375 0.4609375
  vertex -0.0625 -0.75 0.4921875
  vertex 0 -0.7421875 0.4296875
 endloop
endfacet
facet normal -0.85067976 0.37826344 0.365049
 outer loop
  vertex 0.0625 -0.75 0.4921875
  vertex 0.15625 -0.7578125 0.71875
  vertex 0.1953125 -0.6171875 0.6640625
 endloop
endfacet
facet normal 0.85067976 0.37826344 0.365049
 outer loop
  vertex -0.1953125 -0.6171875 0.6640625
  vertex -0.15625 -0.7578125 0.71875
  vertex -0.0625 -0.75 0.4921875
 endloop
endfacet
facet normal -0.21971561 0.45570645 0.8625872
 outer loop
  vertex 0.3203125 -0.734375 0.7578125
  vertex 0.3359375 -0.59375 0.6875
  vertex 0.1953125 -0.6171875 0.6640625
 endloop
endfacet
facet normal 0.26635176 0.41272524 0.87104225
 outer loop
  vertex -0.3203125 -0.734375 0.7578125
  vertex -0.15625 -0.7578125 0.71875
  vertex -0.1953125 -0.6171875 0.6640625
 endloop
endfacet
facet normal 0.5913519 0.2991008 0.74889356
 outer loop
  vertex 0.4921875 -0.6875 0.6015625
  vertex 0.484375 -0.5546875 0.5546875
  vertex 0.3359375 -0.59375 0.6875
 endloop
endfacet
facet normal -0.5932461 0.3063166 0.7444657
 outer loop
  vertex -0.4921875 -0.6875 0.6015625
  vertex -0.3203125 -0.734375 0.7578125
  vertex -0.3359375 -0.59375 0.6875
 endloop
endfacet
facet normal 0.3653076 0.29379237 0.88330996
 outer loop
  vertex 0.7109375 -0.625 0.484375
  vertex 0.6796875 -0.4921875 0.453125
  vertex 0.484375 -0.5546875 0.5546875
 endloop
endfacet
facet normal -0.37142727 0.32836324 0.868458
 outer loop
  vertex -0.7109375 -0.625 0.484375
  vertex -0.4921875 -0.6875 0.6015625
  vertex -0.484375 -0.5546875 0.5546875
 endloop
endfacet
facet normal 0.27604932 0.2915287 0.9158645
 outer loop
  vertex 0.7109375 -0.625 0.484375
  vertex 0.859375 -0.59375 0.4296875
  vertex 0.796875 -0.4609375 0.40625
 endloop
endfacet
facet normal -0.27604932 0.2915287 0.9158645
 outer loop
  vertex -0.796875 -0.4609375 0.40625
  vertex -0.859375 -0.59375 0.4296875
  vertex -0.7109375 -0.625 0.484375
 endloop
endfacet
facet normal 0.7964468 0.5900586 0.13230014
 outer loop
  vertex 0.828125 -0.4453125 0.1484375
  vertex 0.7734375 -0.375 0.1640625
  vertex 0.796875 -0.4609375 0.40625
 endloop
endfacet
facet normal -0.88728255 0.4412432 0.13429141
 outer loop
  vertex -0.828125 -0.4453125 0.1484375
  vertex -0.859375 -0.59375 0.4296875
  vertex -0.796875 -0.4609375 0.40625
 endloop
endfacet
facet normal 0.54415673 0.37116864 -0.7524142
 outer loop
  vertex 0.828125 -0.4453125 0.1484375
  vertex 0.6328125 -0.5390625 -0.0390625
  vertex 0.6015625 -0.4140625 0
 endloop
endfacet
facet normal -0.54415673 0.37116864 -0.7524142
 outer loop
  vertex -0.6015625 -0.4140625 0
  vertex -0.6328125 -0.5390625 -0.0390625
  vertex -0.828125 -0.4453125 0.1484375
 endloop
endfacet
facet normal 0.4027386 0.54918903 -0.732252
 outer loop
  vertex 0.6328125 -0.5390625 -0.0390625
  vertex 0.4375 -0.53125 -0.140625
  vertex 0.4375 -0.46875 -0.09375
 endloop
endfacet
facet normal -0.4027386 0.54918903 -0.732252
 outer loop
  vertex -0.4375 -0.46875 -0.09375
  vertex -0.4375 -0.53125 -0.140625
  vertex -0.6328125 -0.5390625 -0.0390625
 endloop
endfacet
facet normal 0.16490857 0.7289437 -0.6644142
 outer loop
  vertex 0 -0.28125 -0.484375
  vertex 0.1796875 -0.2578125 -0.4140625
  vertex 0.125 -0.359375 -0.5390625
 endloop
endfacet
facet normal -0.3616779 0.84873754 -0.38578978
 outer loop
  vertex 0 -0.28125 -0.484375
  vertex 0 -0.3203125 -0.5703125
  vertex -0.125 -0.359375 -0.5390625
 endloop
endfacet
facet normal 0.30110767 0.9535076 -0.012546153
 outer loop
  vertex 0 -0.3203125 -0.5703125
  vertex 0.125 -0.359375 -0.5390625
  vertex 0.140625 -0.3671875 -0.7578125
 endloop
endfacet
facet normal -0.19518001 0.9759001 -0.09759001
 outer loop
  vertex 0 -0.3203125 -0.5703125
  vertex 0 -0.34375 -0.8046875
  vertex -0.140625 -0.3671875 -0.7578125
 endloop
endfacet
facet normal 0.2562453 0.9151617 -0.311155
 outer loop
  vertex 0 -0.34375 -0.8046875
  vertex 0.140625 -0.3671875 -0.7578125
  vertex 0.1640625 -0.4375 -0.9453125
 endloop
endfacet
facet normal 0.010729607 0.8261798 -0.5633044
 outer loop
  vertex 0 -0.34375 -0.8046875
  vertex 0 -0.4609375 -0.9765625
  vertex -0.1640625 -0.4375 -0.9453125
 endloop
endfacet
facet normal 0.07785054 0.066317126 -0.99475694
 outer loop
  vertex 0.1796875 -0.5546875 -0.96875
  vertex 0 -0.578125 -0.984375
  vertex 0 -0.4609375 -0.9765625
 endloop
endfacet
facet normal -0.07785054 0.066317126 -0.99475694
 outer loop
  vertex 0 -0.4609375 -0.9765625
  vertex 0 -0.578125 -0.984375
  vertex -0.1796875 -0.5546875 -0.96875
 endloop
endfacet
facet normal 0.10944988 0.20894977 -0.97178227
 outer loop
  vertex 0.328125 -0.5234375 -0.9453125
  vertex 0.1796875 -0.5546875 -0.96875
  vertex 0.1640625 -0.4375 -0.9453125
 endloop
endfacet
facet normal -0.10944988 0.20894977 -0.97178227
 outer loop
  vertex -0.1640625 -0.4375 -0.9453125
  vertex -0.1796875 -0.5546875 -0.96875
  vertex -0.328125 -0.5234375 -0.9453125
 endloop
endfacet
facet normal 0.81504416 0.14052485 -0.5620994
 outer loop
  vertex 0.3671875 -0.53125 -0.890625
  vertex 0.328125 -0.5234375 -0.9453125
  vertex 0.328125 -0.3984375 -0.9140625
 endloop
endfacet
facet normal -0.81504416 0.14052485 -0.5620994
 outer loop
  vertex -0.328125 -0.3984375 -0.9140625
  vertex -0.328125 -0.5234375 -0.9453125
  vertex -0.3671875 -0.53125 -0.890625
 endloop
endfacet
facet normal 0.935848 0.32358134 0.13958411
 outer loop
  vertex 0.3515625 -0.5703125 -0.6953125
  vertex 0.3671875 -0.53125 -0.890625
  vertex 0.2890625 -0.3828125 -0.7109375
 endloop
endfacet
facet normal -0.935848 0.32358134 0.13958411
 outer loop
  vertex -0.2890625 -0.3828125 -0.7109375
  vertex -0.3671875 -0.53125 -0.890625
  vertex -0.3515625 -0.5703125 -0.6953125
 endloop
endfacet
facet normal 0.113195054 0.9931953 -0.0273859
 outer loop
  vertex 0.2890625 -0.3828125 -0.7109375
  vertex 0.140625 -0.3671875 -0.7578125
  vertex 0.125 -0.359375 -0.5390625
 endloop
endfacet
facet normal -0.113195054 0.9931953 -0.0273859
 outer loop
  vertex -0.125 -0.359375 -0.5390625
  vertex -0.140625 -0.3671875 -0.7578125
  vertex -0.2890625 -0.3828125 -0.7109375
 endloop
endfacet
facet normal -0.1496834 0.9194838 -0.36351684
 outer loop
  vertex 0.328125 -0.3984375 -0.9140625
  vertex 0.1640625 -0.4375 -0.9453125
  vertex 0.140625 -0.3671875 -0.7578125
 endloop
endfacet
facet normal -0.121066295 0.9912303 -0.052966505
 outer loop
  vertex -0.328125 -0.3984375 -0.9140625
  vertex -0.2890625 -0.3828125 -0.7109375
  vertex -0.140625 -0.3671875 -0.7578125
 endloop
endfacet
facet normal 0.37057647 0.63486356 -0.67795384
 outer loop
  vertex 0.25 -0.390625 -0.5
  vertex 0.125 -0.359375 -0.5390625
  vertex 0.1796875 -0.2578125 -0.4140625
 endloop
endfacet
facet normal -0.9093759 0.39274496 0.13706535
 outer loop
  vertex -0.25 -0.390625 -0.5
  vertex -0.234375 -0.40625 -0.3515625
  vertex -0.1796875 -0.2578125 -0.4140625
 endloop
endfacet
facet normal 0.91925955 0.36818826 0.13928175
 outer loop
  vertex 0.3125 -0.5703125 -0.4375
  vertex 0.3515625 -0.5703125 -0.6953125
  vertex 0.25 -0.390625 -0.5
 endloop
endfacet
facet normal -0.91925955 0.36818826 0.13928175
 outer loop
  vertex -0.25 -0.390625 -0.5
  vertex -0.3515625 -0.5703125 -0.6953125
  vertex -0.3125 -0.5703125 -0.4375
 endloop
endfacet
facet normal 0.9456937 0.18502702 0.26726124
 outer loop
  vertex 0.21875 -0.4296875 -0.28125
  vertex 0.2109375 -0.46875 -0.2265625
  vertex 0.234375 -0.5546875 -0.25
 endloop
endfacet
facet normal -0.9172858 0.20065627 0.3439822
 outer loop
  vertex -0.21875 -0.4296875 -0.28125
  vertex -0.2578125 -0.5546875 -0.3125
  vertex -0.234375 -0.5546875 -0.25
 endloop
endfacet
facet normal 0.9337134 0.22145766 0.28131106
 outer loop
  vertex 0.234375 -0.40625 -0.3515625
  vertex 0.21875 -0.4296875 -0.28125
  vertex 0.2578125 -0.5546875 -0.3125
 endloop
endfacet
facet normal -0.90040493 0.23800512 0.3641765
 outer loop
  vertex -0.234375 -0.40625 -0.3515625
  vertex -0.3125 -0.5703125 -0.4375
  vertex -0.2578125 -0.5546875 -0.3125
 endloop
endfacet
facet normal 0.95014787 0.19216473 0.24554382
 outer loop
  vertex 0.234375 -0.5546875 -0.25
  vertex 0.2109375 -0.46875 -0.2265625
  vertex 0.203125 -0.5 -0.171875
 endloop
endfacet
facet normal -0.8945093 -0.10842537 0.4337015
 outer loop
  vertex -0.234375 -0.5546875 -0.25
  vertex -0.203125 -0.5625 -0.1875
  vertex -0.203125 -0.5 -0.171875
 endloop
endfacet
facet normal 0.18349712 0.58981216 -0.7864162
 outer loop
  vertex 0.203125 -0.5 -0.171875
  vertex 0.4375 -0.46875 -0.09375
  vertex 0.4375 -0.53125 -0.140625
 endloop
endfacet
facet normal -0.15961738 0.23942606 -0.95770425
 outer loop
  vertex -0.203125 -0.5 -0.171875
  vertex -0.203125 -0.5625 -0.1875
  vertex -0.4375 -0.53125 -0.140625
 endloop
endfacet
facet normal 0.3726855 0.7966326 -0.47590137
 outer loop
  vertex 0.3359375 0.6640625 0.0546875
  vertex 0.34375 0.5390625 -0.1484375
  vertex 0 0.671875 -0.1953125
 endloop
endfacet
facet normal -0.36927652 0.80101234 -0.47118372
 outer loop
  vertex -0.3359375 0.6640625 0.0546875
  vertex 0 0.828125 0.0703125
  vertex 0 0.671875 -0.1953125
 endloop
endfacet
facet normal 0.32627016 0.44458792 -0.8341999
 outer loop
  vertex 0.34375 0.5390625 -0.1484375
  vertex 0.296875 0.265625 -0.3125
  vertex 0 0.3515625 -0.3828125
 endloop
endfacet
facet normal -0.2985938 0.4821331 -0.82364404
 outer loop
  vertex -0.34375 0.5390625 -0.1484375
  vertex 0 0.671875 -0.1953125
  vertex 0 0.3515625 -0.3828125
 endloop
endfacet
facet normal 0.2619684 0.12167458 -0.95737547
 outer loop
  vertex 0 0.3515625 -0.3828125
  vertex 0.296875 0.265625 -0.3125
  vertex 0.2109375 -0.1640625 -0.390625
 endloop
endfacet
facet normal -0.2619684 0.12167458 -0.95737547
 outer loop
  vertex -0.2109375 -0.1640625 -0.390625
  vertex -0.296875 0.265625 -0.3125
  vertex 0 0.3515625 -0.3828125
 endloop
endfacet
facet normal 0.2996288 0.1361949 -0.9442847
 outer loop
  vertex 0 -0.1875 -0.4609375
  vertex 0.2109375 -0.1640625 -0.390625
  vertex 0.1796875 -0.2578125 -0.4140625
 endloop
endfacet
facet normal -0.2996288 0.1361949 -0.9442847
 outer loop
  vertex -0.1796875 -0.2578125 -0.4140625
  vertex -0.2109375 -0.1640625 -0.390625
  vertex 0 -0.1875 -0.4609375
 endloop
endfacet
facet normal 0.8641914 -0.16963758 -0.4737049
 outer loop
  vertex 0.1796875 -0.2578125 -0.4140625
  vertex 0.2109375 -0.1640625 -0.390625
  vertex 0.21875 -0.4296875 -0.28125
 endloop
endfacet
facet normal -0.830482 0.44631344 0.3333227
 outer loop
  vertex -0.1796875 -0.2578125 -0.4140625
  vertex -0.234375 -0.40625 -0.3515625
  vertex -0.21875 -0.4296875 -0.28125
 endloop
endfacet
facet normal 0.6868954 -0.3520879 -0.63577425
 outer loop
  vertex 0.7734375 -0.375 0.1640625
  vertex 0.6015625 -0.4140625 0
  vertex 0.734375 -0.0703125 -0.046875
 endloop
endfacet
facet normal -0.6868954 -0.3520879 -0.63577425
 outer loop
  vertex -0.734375 -0.0703125 -0.046875
  vertex -0.6015625 -0.4140625 0
  vertex -0.7734375 -0.375 0.1640625
 endloop
endfacet
facet normal 0.41890255 0.8793254 -0.22651158
 outer loop
  vertex 0.4609375 0.703125 0.4375
  vertex 0.3359375 0.6640625 0.0546875
  vertex 0 0.828125 0.0703125
 endloop
endfacet
facet normal -0.2950267 0.9544075 -0.04544798
 outer loop
  vertex -0.4609375 0.703125 0.4375
  vertex 0 0.8515625 0.5625
  vertex 0 0.828125 0.0703125
 endloop
endfacet
facet normal 0.1119178 -0.24681492 0.9625782
 outer loop
  vertex 0.453125 -0.234375 0.8515625
  vertex 0.453125 0.0703125 0.9296875
  vertex 0 0.078125 0.984375
 endloop
endfacet
facet normal -0.12718825 -0.22603373 0.96578044
 outer loop
  vertex -0.453125 -0.234375 0.8515625
  vertex 0 -0.2890625 0.8984375
  vertex 0 0.078125 0.984375
 endloop
endfacet
facet normal 0.120835304 0.1946791 0.9733955
 outer loop
  vertex 0 0.078125 0.984375
  vertex 0.453125 0.0703125 0.9296875
  vertex 0.453125 0.3828125 0.8671875
 endloop
endfacet
facet normal -0.120835304 0.1946791 0.9733955
 outer loop
  vertex -0.453125 0.3828125 0.8671875
  vertex -0.453125 0.0703125 0.9296875
  vertex 0 0.078125 0.984375
 endloop
endfacet
facet normal 0.31399816 0.75845194 0.57110053
 outer loop
  vertex 0 0.546875 0.8984375
  vertex 0.453125 0.3828125 0.8671875
  vertex 0.4609375 0.703125 0.4375
 endloop
endfacet
facet normal -0.31399816 0.75845194 0.57110053
 outer loop
  vertex -0.4609375 0.703125 0.4375
  vertex -0.453125 0.3828125 0.8671875
  vertex 0 0.546875 0.8984375
 endloop
endfacet
facet normal 0.3230511 0.18171623 0.92877185
 outer loop
  vertex 0.6796875 -0.4921875 0.453125
  vertex 0.796875 -0.4609375 0.40625
  vertex 0.7265625 -0.3359375 0.40625
 endloop
endfacet
facet normal -0.3230511 0.18171623 0.92877185
 outer loop
  vertex -0.7265625 -0.3359375 0.40625
  vertex -0.796875 -0.4609375 0.40625
  vertex -0.6796875 -0.4921875 0.453125
 endloop
endfacet
facet normal 0.045220323 -0.60430795 0.7954666
 outer loop
  vertex 0.6328125 -0.28125 0.453125
  vertex 0.7265625 -0.3359375 0.40625
  vertex 0.796875 -0.125 0.5625
 endloop
endfacet
facet normal -0.045220323 -0.60430795 0.7954666
 outer loop
  vertex -0.796875 -0.125 0.5625
  vertex -0.7265625 -0.3359375 0.40625
  vertex -0.6328125 -0.28125 0.453125
 endloop
endfacet
facet normal 0.61443293 -0.17377901 0.7695928
 outer loop
  vertex 0.640625 -0.0546875 0.703125
  vertex 0.796875 -0.125 0.5625
  vertex 0.796875 0.1171875 0.6171875
 endloop
endfacet
facet normal -0.61443293 -0.17377901 0.7695928
 outer loop
  vertex -0.796875 0.1171875 0.6171875
  vertex -0.796875 -0.125 0.5625
  vertex -0.640625 -0.0546875 0.703125
 endloop
endfacet
facet normal 0.6934513 0.22119658 0.6857094
 outer loop
  vertex 0.640625 0.1953125 0.75
  vertex 0.796875 0.1171875 0.6171875
  vertex 0.796875 0.359375 0.5390625
 endloop
endfacet
facet normal -0.6934513 0.22119658 0.6857094
 outer loop
  vertex -0.796875 0.359375 0.5390625
  vertex -0.796875 0.1171875 0.6171875
  vertex -0.640625 0.1953125 0.75
 endloop
endfacet
facet normal 0.63040936 0.73432297 0.2517019
 outer loop
  vertex 0.6171875 0.5859375 0.328125
  vertex 0.640625 0.4453125 0.6796875
  vertex 0.796875 0.359375 0.5390625
 endloop
endfacet
facet normal -0.71044266 0.69041675 0.13636684
 outer loop
  vertex -0.6171875 0.5859375 0.328125
  vertex -0.7734375 0.4375 0.265625
  vertex -0.796875 0.359375 0.5390625
 endloop
endfacet
facet normal 0.31790978 0.7573733 0.5703675
 outer loop
  vertex 0.4609375 0.703125 0.4375
  vertex 0.453125 0.3828125 0.8671875
  vertex 0.640625 0.4453125 0.6796875
 endloop
endfacet
facet normal -0.31790978 0.7573733 0.5703675
 outer loop
  vertex -0.640625 0.4453125 0.6796875
  vertex -0.453125 0.3828125 0.8671875
  vertex -0.4609375 0.703125 0.4375
 endloop
endfacet
facet normal 0.6289423 0.15247087 0.7623543
 outer loop
  vertex 0.453125 0.3828125 0.8671875
  vertex 0.453125 0.0703125 0.9296875
  vertex 0.640625 0.1953125 0.75
 endloop
endfacet
facet normal -0.6289423 0.15247087 0.7623543
 outer loop
  vertex -0.640625 0.1953125 0.75
  vertex -0.453125 0.0703125 0.9296875
  vertex -0.453125 0.3828125 0.8671875
 endloop
endfacet
facet normal 0.7088277 -0.17519942 0.6832777
 outer loop
  vertex 0.453125 0.0703125 0.9296875
  vertex 0.453125 -0.234375 0.8515625
  vertex 0.640625 -0.0546875 0.703125
 endloop
endfacet
facet normal -0.7088277 -0.17519942 0.6832777
 outer loop
  vertex -0.640625 -0.0546875 0.703125
  vertex -0.453125 -0.234375 0.8515625
  vertex -0.453125 0.0703125 0.9296875
 endloop
endfacet
facet normal 0.68853146 -0.6158419 0.3829662
 outer loop
  vertex 0.453125 -0.234375 0.8515625
  vertex 0.4609375 -0.4296875 0.5234375
  vertex 0.6328125 -0.28125 0.453125
 endloop
endfacet
facet normal -0.68853146 -0.6158419 0.3829662
 outer loop
  vertex -0.6328125 -0.28125 0.453125
  vertex -0.4609375 -0.4296875 0.5234375
  vertex -0.453125 -0.234375 0.8515625
 endloop
endfacet
facet normal 0.32379025 0.071953386 0.9433889
 outer loop
  vertex 0.6796875 -0.4921875 0.453125
  vertex 0.6328125 -0.28125 0.453125
  vertex 0.4609375 -0.4296875 0.5234375
 endloop
endfacet
facet normal -0.36692715 0.28978905 0.88396084
 outer loop
  vertex -0.6796875 -0.4921875 0.453125
  vertex -0.484375 -0.5546875 0.5546875
  vertex -0.4609375 -0.4296875 0.5234375
 endloop
endfacet
facet normal 0.15481679 -0.8473081 0.5080362
 outer loop
  vertex 0.4609375 -0.4296875 0.5234375
  vertex 0.453125 -0.234375 0.8515625
  vertex 0 -0.2890625 0.8984375
 endloop
endfacet
facet normal -0.2854303 -0.72767115 0.6237181
 outer loop
  vertex -0.4609375 -0.4296875 0.5234375
  vertex 0 -0.5703125 0.5703125
  vertex 0 -0.2890625 0.8984375
 endloop
endfacet
facet normal -0.17817417 0.97995794 0.089087084
 outer loop
  vertex 0.1953125 -0.6171875 0.6640625
  vertex 0.3359375 -0.59375 0.6875
  vertex 0.484375 -0.5546875 0.5546875
 endloop
endfacet
facet normal 0.17023328 0.9792801 0.10968639
 outer loop
  vertex -0.1953125 -0.6171875 0.6640625
  vertex -0.109375 -0.609375 0.4609375
  vertex -0.484375 -0.5546875 0.5546875
 endloop
endfacet
facet normal -0.26384568 0.18709058 0.94624656
 outer loop
  vertex 0.109375 -0.609375 0.4609375
  vertex 0.484375 -0.5546875 0.5546875
  vertex 0.4609375 -0.4296875 0.5234375
 endloop
endfacet
facet normal 0.26384568 0.18709058 0.94624656
 outer loop
  vertex -0.4609375 -0.4296875 0.5234375
  vertex -0.484375 -0.5546875 0.5546875
  vertex -0.109375 -0.609375 0.4609375
 endloop
endfacet
facet normal 0.93395114 -0.27729055 0.22548902
 outer loop
  vertex 0.7734375 -0.375 0.1640625
  vertex 0.8515625 -0.0546875 0.234375
  vertex 0.7265625 -0.3359375 0.40625
 endloop
endfacet
facet normal -0.8680965 0.4883043 0.08925992
 outer loop
  vertex -0.7734375 -0.375 0.1640625
  vertex -0.796875 -0.4609375 0.40625
  vertex -0.7265625 -0.3359375 0.40625
 endloop
endfacet
facet normal 0.97580653 -0.18003252 0.12405602
 outer loop
  vertex 0.8515625 -0.0546875 0.234375
  vertex 0.859375 0.046875 0.3203125
  vertex 0.796875 -0.125 0.5625
 endloop
endfacet
facet normal -0.97580653 -0.18003252 0.12405602
 outer loop
  vertex -0.796875 -0.125 0.5625
  vertex -0.859375 0.046875 0.3203125
  vertex -0.8515625 -0.0546875 0.234375
 endloop
endfacet
facet normal 0.9612812 0.23296028 0.14720018
 outer loop
  vertex 0.859375 0.046875 0.3203125
  vertex 0.8203125 0.203125 0.328125
  vertex 0.796875 0.1171875 0.6171875
 endloop
endfacet
facet normal -0.9612812 0.23296028 0.14720018
 outer loop
  vertex -0.796875 0.1171875 0.6171875
  vertex -0.8203125 0.203125 0.328125
  vertex -0.859375 0.046875 0.3203125
 endloop
endfacet
facet normal 0.99558944 0.02880201 0.08928623
 outer loop
  vertex 0.796875 0.359375 0.5390625
  vertex 0.796875 0.1171875 0.6171875
  vertex 0.8203125 0.203125 0.328125
 endloop
endfacet
facet normal -0.9816547 0.18823482 -0.030360455
 outer loop
  vertex -0.796875 0.359375 0.5390625
  vertex -0.7734375 0.4375 0.265625
  vertex -0.8203125 0.203125 0.328125
 endloop
endfacet
facet normal 0.6374071 -0.091466494 -0.7650791
 outer loop
  vertex 0.296875 0.265625 -0.3125
  vertex 0.4296875 0.2109375 -0.1953125
  vertex 0.40625 -0.1484375 -0.171875
 endloop
endfacet
facet normal -0.74664503 -0.028490402 -0.6646123
 outer loop
  vertex -0.296875 0.265625 -0.3125
  vertex -0.2109375 -0.1640625 -0.390625
  vertex -0.40625 -0.1484375 -0.171875
 endloop
endfacet
facet normal 0.3720037 -0.0845463 -0.92437285
 outer loop
  vertex 0.40625 -0.1484375 -0.171875
  vertex 0.4296875 0.2109375 -0.1953125
  vertex 0.59375 0.1640625 -0.125
 endloop
endfacet
facet normal -0.37226754 -0.08472296 -0.9242504
 outer loop
  vertex -0.40625 -0.1484375 -0.171875
  vertex -0.734375 -0.0703125 -0.046875
  vertex -0.59375 0.1640625 -0.125
 endloop
endfacet
facet normal 0.5281225 -0.1522346 -0.83541083
 outer loop
  vertex 0.6015625 -0.4140625 0
  vertex 0.4375 -0.46875 -0.09375
  vertex 0.40625 -0.1484375 -0.171875
 endloop
endfacet
facet normal -0.5281225 -0.1522346 -0.83541083
 outer loop
  vertex -0.40625 -0.1484375 -0.171875
  vertex -0.4375 -0.46875 -0.09375
  vertex -0.6015625 -0.4140625 0
 endloop
endfacet
facet normal 0.3070173 -0.79463303 -0.5237354
 outer loop
  vertex 0.4375 -0.46875 -0.09375
  vertex 0.2109375 -0.46875 -0.2265625
  vertex 0.21875 -0.4296875 -0.28125
 endloop
endfacet
facet normal -0.3070173 -0.79463303 -0.5237354
 outer loop
  vertex -0.21875 -0.4296875 -0.28125
  vertex -0.2109375 -0.46875 -0.2265625
  vertex -0.4375 -0.46875 -0.09375
 endloop
endfacet
facet normal 0.52360755 0.7858747 -0.32899237
 outer loop
  vertex 0.640625 0.4296875 -0.0078125
  vertex 0.484375 0.546875 0.0234375
  vertex 0.6171875 0.5859375 0.328125
 endloop
endfacet
facet normal -0.5880636 0.74828184 -0.30701038
 outer loop
  vertex -0.640625 0.4296875 -0.0078125
  vertex -0.7734375 0.4375 0.265625
  vertex -0.6171875 0.5859375 0.328125
 endloop
endfacet
facet normal 0.5396378 0.77268493 -0.33428892
 outer loop
  vertex 0.6171875 0.5859375 0.328125
  vertex 0.484375 0.546875 0.0234375
  vertex 0.3359375 0.6640625 0.0546875
 endloop
endfacet
facet normal -0.4693537 0.8497772 -0.23997031
 outer loop
  vertex -0.6171875 0.5859375 0.328125
  vertex -0.4609375 0.703125 0.4375
  vertex -0.3359375 0.6640625 0.0546875
 endloop
endfacet
facet normal 0.21436153 0.5082443 -0.8341084
 outer loop
  vertex 0.4296875 0.2109375 -0.1953125
  vertex 0.484375 0.546875 0.0234375
  vertex 0.640625 0.4296875 -0.0078125
 endloop
endfacet
facet normal -0.4462593 0.29412544 -0.8451881
 outer loop
  vertex -0.4296875 0.2109375 -0.1953125
  vertex -0.59375 0.1640625 -0.125
  vertex -0.640625 0.4296875 -0.0078125
 endloop
endfacet
facet normal 0.7365212 0.28080872 -0.61537224
 outer loop
  vertex 0.34375 0.5390625 -0.1484375
  vertex 0.484375 0.546875 0.0234375
  vertex 0.4296875 0.2109375 -0.1953125
 endloop
endfacet
facet normal -0.69734085 0.27706847 -0.66102105
 outer loop
  vertex -0.34375 0.5390625 -0.1484375
  vertex -0.296875 0.265625 -0.3125
  vertex -0.4296875 0.2109375 -0.1953125
 endloop
endfacet
facet normal 0.32444286 -0.8111071 0.48666427
 outer loop
  vertex 0.890625 0.234375 0.40625
  vertex 0.921875 0.21875 0.359375
  vertex 1.015625 0.2890625 0.4140625
 endloop
endfacet
facet normal -0.36909834 -0.88444316 0.2855289
 outer loop
  vertex -0.890625 0.234375 0.40625
  vertex -1.0234375 0.3125 0.4765625
  vertex -1.015625 0.2890625 0.4140625
 endloop
endfacet
facet normal 0.46486598 -0.84654546 0.25934628
 outer loop
  vertex 1.0234375 0.3125 0.4765625
  vertex 1.015625 0.2890625 0.4140625
  vertex 1.1875 0.390625 0.4375
 endloop
endfacet
facet normal -0.46486598 -0.84654546 0.25934628
 outer loop
  vertex -1.1875 0.390625 0.4375
  vertex -1.015625 0.2890625 0.4140625
  vertex -1.0234375 0.3125 0.4765625
 endloop
endfacet
facet normal 0.18165931 -0.9833298 -0.007898231
 outer loop
  vertex 1.1875 0.390625 0.4375
  vertex 1.265625 0.40625 0.2890625
  vertex 1.3515625 0.421875 0.3203125
 endloop
endfacet
facet normal -0.31883836 -0.92662394 0.19927397
 outer loop
  vertex -1.1875 0.390625 0.4375
  vertex -1.234375 0.421875 0.5078125
  vertex -1.3515625 0.421875 0.3203125
 endloop
endfacet
facet normal 0.29247788 -0.9532612 -0.0758276
 outer loop
  vertex 1.265625 0.40625 0.2890625
  vertex 1.2109375 0.40625 0.078125
  vertex 1.28125 0.4296875 0.0546875
 endloop
endfacet
facet normal -0.20761353 -0.9746302 -0.08362211
 outer loop
  vertex -1.265625 0.40625 0.2890625
  vertex -1.3515625 0.421875 0.3203125
  vertex -1.28125 0.4296875 0.0546875
 endloop
endfacet
facet normal 0.584705 -0.7809147 -0.2197549
 outer loop
  vertex 1.2109375 0.40625 0.078125
  vertex 1.03125 0.3046875 -0.0390625
  vertex 1.0390625 0.328125 -0.1015625
 endloop
endfacet
facet normal -0.3397551 -0.93690044 0.08236487
 outer loop
  vertex -1.2109375 0.40625 0.078125
  vertex -1.28125 0.4296875 0.0546875
  vertex -1.0390625 0.328125 -0.1015625
 endloop
endfacet
facet normal 0.65089715 -0.7339904 -0.19388425
 outer loop
  vertex 1.0390625 0.328125 -0.1015625
  vertex 1.03125 0.3046875 -0.0390625
  vertex 0.828125 0.1328125 -0.0703125
 endloop
endfacet
facet normal -0.65089715 -0.7339904 -0.19388425
 outer loop
  vertex -0.828125 0.1328125 -0.0703125
  vertex -1.03125 0.3046875 -0.0390625
  vertex -1.0390625 0.328125 -0.1015625
 endloop
endfacet
facet normal 0.4074906 -0.5200867 0.7506406
 outer loop
  vertex 1.03125 0.3046875 -0.0390625
  vertex 1.0390625 0.3671875 0
  vertex 0.8828125 0.2109375 -0.0234375
 endloop
endfacet
facet normal -0.4074906 -0.5200867 0.7506406
 outer loop
  vertex -0.8828125 0.2109375 -0.0234375
  vertex -1.0390625 0.3671875 0
  vertex -1.03125 0.3046875 -0.0390625
 endloop
endfacet
facet normal -0.2654835 -0.49114445 0.8296359
 outer loop
  vertex 1.2109375 0.40625 0.078125
  vertex 1.1875 0.4453125 0.09375
  vertex 1.0390625 0.3671875 0
 endloop
endfacet
facet normal 0.2654835 -0.49114445 0.8296359
 outer loop
  vertex -1.0390625 0.3671875 0
  vertex -1.1875 0.4453125 0.09375
  vertex -1.2109375 0.40625 0.078125
 endloop
endfacet
facet normal -0.78850234 -0.56772166 0.2365507
 outer loop
  vertex 1.234375 0.4453125 0.25
  vertex 1.1875 0.4453125 0.09375
  vertex 1.2109375 0.40625 0.078125
 endloop
endfacet
facet normal 0.85761404 -0.46374685 0.22234438
 outer loop
  vertex -1.234375 0.4453125 0.25
  vertex -1.265625 0.40625 0.2890625
  vertex -1.2109375 0.40625 0.078125
 endloop
endfacet
facet normal -0.5241765 -0.7741684 -0.35482717
 outer loop
  vertex 1.171875 0.4375 0.359375
  vertex 1.234375 0.4453125 0.25
  vertex 1.265625 0.40625 0.2890625
 endloop
endfacet
facet normal 0.52567315 -0.7717329 -0.35790512
 outer loop
  vertex -1.171875 0.4375 0.359375
  vertex -1.1875 0.390625 0.4375
  vertex -1.265625 0.40625 0.2890625
 endloop
endfacet
facet normal 0.4389761 -0.72901386 -0.5252035
 outer loop
  vertex 1.0234375 0.359375 0.34375
  vertex 1.171875 0.4375 0.359375
  vertex 1.1875 0.390625 0.4375
 endloop
endfacet
facet normal -0.4663101 -0.6508912 -0.59907895
 outer loop
  vertex -1.0234375 0.359375 0.34375
  vertex -1.015625 0.2890625 0.4140625
  vertex -1.1875 0.390625 0.4375
 endloop
endfacet
facet normal 0.68880236 -0.57400197 -0.4428015
 outer loop
  vertex 1.015625 0.2890625 0.4140625
  vertex 0.921875 0.21875 0.359375
  vertex 0.9453125 0.2890625 0.3046875
 endloop
endfacet
facet normal -0.68880236 -0.57400197 -0.4428015
 outer loop
  vertex -0.9453125 0.2890625 0.3046875
  vertex -0.921875 0.21875 0.359375
  vertex -1.015625 0.2890625 0.4140625
 endloop
endfacet
facet normal 0.6302015 -0.1282387 -0.7657682
 outer loop
  vertex 0.59375 0.1640625 -0.125
  vertex 0.71875 0.171875 -0.0234375
  vertex 0.7265625 0.0703125 0
 endloop
endfacet
facet normal -0.75071716 0.2460684 -0.6130857
 outer loop
  vertex -0.59375 0.1640625 -0.125
  vertex -0.734375 -0.0703125 -0.046875
  vertex -0.7265625 0.0703125 0
 endloop
endfacet
facet normal -0.21752097 -0.9370134 0.27329558
 outer loop
  vertex 0.7734375 0.125 -0.140625
  vertex 0.828125 0.1328125 -0.0703125
  vertex 0.71875 0.171875 -0.0234375
 endloop
endfacet
facet normal 0.17880778 -0.93945044 0.29233655
 outer loop
  vertex -0.7734375 0.125 -0.140625
  vertex -0.59375 0.1640625 -0.125
  vertex -0.71875 0.171875 -0.0234375
 endloop
endfacet
facet normal 0.9045596 0.17920521 -0.3868557
 outer loop
  vertex 0.8515625 -0.0546875 0.234375
  vertex 0.734375 -0.0703125 -0.046875
  vertex 0.7265625 0.0703125 0
 endloop
endfacet
facet normal -0.9045596 0.17920521 -0.3868557
 outer loop
  vertex -0.7265625 0.0703125 0
  vertex -0.734375 -0.0703125 -0.046875
  vertex -0.8515625 -0.0546875 0.234375
 endloop
endfacet
facet normal 0.17817415 -0.9799579 -0.08908708
 outer loop
  vertex 0.8203125 0.203125 0.328125
  vertex 0.84375 0.2109375 0.2890625
  vertex 0.921875 0.21875 0.359375
 endloop
endfacet
facet normal -0.17817415 -0.9799579 -0.08908708
 outer loop
  vertex -0.921875 0.21875 0.359375
  vertex -0.84375 0.2109375 0.2890625
  vertex -0.8203125 0.203125 0.328125
 endloop
endfacet
facet normal -0.23351586 -0.37485442 0.89719254
 outer loop
  vertex 0.828125 0.1328125 -0.0703125
  vertex 0.8828125 0.2109375 -0.0234375
  vertex 0.8125 0.2734375 -0.015625
 endloop
endfacet
facet normal 0.23351586 -0.37485442 0.89719254
 outer loop
  vertex -0.8125 0.2734375 -0.015625
  vertex -0.8828125 0.2109375 -0.0234375
  vertex -0.828125 0.1328125 -0.0703125
 endloop
endfacet
facet normal 0.7177406 -0.67552054 0.16888013
 outer loop
  vertex 0.71875 0.1875 0.0390625
  vertex 0.71875 0.171875 -0.0234375
  vertex 0.8125 0.2734375 -0.015625
 endloop
endfacet
facet normal -0.44795462 -0.7737398 -0.44795462
 outer loop
  vertex -0.71875 0.1875 0.0390625
  vertex -0.84375 0.2734375 0.015625
  vertex -0.8125 0.2734375 -0.015625
 endloop
endfacet
facet normal 0.5312708 -0.61337626 0.58439785
 outer loop
  vertex 0.7578125 0.2734375 0.09375
  vertex 0.71875 0.1875 0.0390625
  vertex 0.84375 0.2734375 0.015625
 endloop
endfacet
facet normal -0.5312708 -0.61337626 0.58439785
 outer loop
  vertex -0.84375 0.2734375 0.015625
  vertex -0.71875 0.1875 0.0390625
  vertex -0.7578125 0.2734375 0.09375
 endloop
endfacet
facet normal 0.90078163 -0.15013027 -0.40749645
 outer loop
  vertex 0.796875 0.2109375 0.203125
  vertex 0.71875 0.1875 0.0390625
  vertex 0.7578125 0.2734375 0.09375
 endloop
endfacet
facet normal -0.55337155 -0.622543 -0.55337155
 outer loop
  vertex -0.796875 0.2109375 0.203125
  vertex -0.8359375 0.2734375 0.171875
  vertex -0.7578125 0.2734375 0.09375
 endloop
endfacet
facet normal 0.58151525 -0.6242737 -0.5216534
 outer loop
  vertex 0.796875 0.2109375 0.203125
  vertex 0.8359375 0.2734375 0.171875
  vertex 0.890625 0.265625 0.2421875
 endloop
endfacet
facet normal -0.57238394 -0.7582229 -0.31220943
 outer loop
  vertex -0.796875 0.2109375 0.203125
  vertex -0.84375 0.2109375 0.2890625
  vertex -0.890625 0.265625 0.2421875
 endloop
endfacet
facet normal 0.613754 -0.7464576 -0.25711316
 outer loop
  vertex 0.84375 0.2109375 0.2890625
  vertex 0.890625 0.265625 0.2421875
  vertex 0.9453125 0.2890625 0.3046875
 endloop
endfacet
facet normal -0.5596814 -0.61692154 -0.55332136
 outer loop
  vertex -0.84375 0.2109375 0.2890625
  vertex -0.921875 0.21875 0.359375
  vertex -0.9453125 0.2890625 0.3046875
 endloop
endfacet
facet normal 0.17124902 -0.9807898 -0.093408555
 outer loop
  vertex 0.796875 0.2109375 0.203125
  vertex 0.84375 0.2109375 0.2890625
  vertex 0.8203125 0.203125 0.328125
 endloop
endfacet
facet normal -0.95510757 0.24695928 -0.16364771
 outer loop
  vertex -0.796875 0.2109375 0.203125
  vertex -0.859375 0.046875 0.3203125
  vertex -0.8203125 0.203125 0.328125
 endloop
endfacet
facet normal 0.8716733 0.20629601 -0.44455338
 outer loop
  vertex 0.7265625 0.0703125 0
  vertex 0.71875 0.1875 0.0390625
  vertex 0.796875 0.2109375 0.203125
 endloop
endfacet
facet normal -0.92271215 0.082546555 -0.37654796
 outer loop
  vertex -0.7265625 0.0703125 0
  vertex -0.859375 0.046875 0.3203125
  vertex -0.796875 0.2109375 0.203125
 endloop
endfacet
facet normal 0.7661046 -0.09089376 -0.63625634
 outer loop
  vertex 0.9453125 0.2890625 0.3046875
  vertex 0.890625 0.265625 0.2421875
  vertex 0.890625 0.3203125 0.234375
 endloop
endfacet
facet normal -0.7661046 -0.09089376 -0.63625634
 outer loop
  vertex -0.890625 0.3203125 0.234375
  vertex -0.890625 0.265625 0.2421875
  vertex -0.9453125 0.2890625 0.3046875
 endloop
endfacet
facet normal 0.79298234 -0.13216372 -0.59473675
 outer loop
  vertex 0.8359375 0.2734375 0.171875
  vertex 0.84375 0.3203125 0.171875
  vertex 0.890625 0.3203125 0.234375
 endloop
endfacet
facet normal -0.78149885 -0.08823374 -0.61763614
 outer loop
  vertex -0.8359375 0.2734375 0.171875
  vertex -0.890625 0.265625 0.2421875
  vertex -0.890625 0.3203125 0.234375
 endloop
endfacet
facet normal 0.70224684 -0.11704114 -0.70224684
 outer loop
  vertex 0.8359375 0.2734375 0.171875
  vertex 0.7578125 0.2734375 0.09375
  vertex 0.765625 0.3203125 0.09375
 endloop
endfacet
facet normal -0.70224684 -0.11704114 -0.70224684
 outer loop
  vertex -0.765625 0.3203125 0.09375
  vertex -0.7578125 0.2734375 0.09375
  vertex -0.8359375 0.2734375 0.171875
 endloop
endfacet
facet normal 0.2407717 0.12038585 0.9630868
 outer loop
  vertex 0.8203125 0.2734375 0.0859375
  vertex 0.828125 0.3203125 0.078125
  vertex 0.765625 0.3203125 0.09375
 endloop
endfacet
facet normal -0.124008246 -0.020668041 0.99206597
 outer loop
  vertex -0.8203125 0.2734375 0.0859375
  vertex -0.7578125 0.2734375 0.09375
  vertex -0.765625 0.3203125 0.09375
 endloop
endfacet
facet normal 0.92513204 -0.15418866 0.3469245
 outer loop
  vertex 0.84375 0.2734375 0.015625
  vertex 0.8515625 0.3203125 0.015625
  vertex 0.828125 0.3203125 0.078125
 endloop
endfacet
facet normal -0.94345635 -0.104828484 0.31448546
 outer loop
  vertex -0.84375 0.2734375 0.015625
  vertex -0.8203125 0.2734375 0.0859375
  vertex -0.828125 0.3203125 0.078125
 endloop
endfacet
facet normal 0.7071068 0 -0.7071068
 outer loop
  vertex 0.84375 0.2734375 0.015625
  vertex 0.8125 0.2734375 -0.015625
  vertex 0.8125 0.3203125 -0.015625
 endloop
endfacet
facet normal -0.7071068 0 -0.7071068
 outer loop
  vertex -0.8125 0.3203125 -0.015625
  vertex -0.8125 0.2734375 -0.015625
  vertex -0.84375 0.2734375 0.015625
 endloop
endfacet
facet normal -0.015711544 -0.1414039 0.98982733
 outer loop
  vertex 0.8125 0.2734375 -0.015625
  vertex 0.8828125 0.2109375 -0.0234375
  vertex 0.8828125 0.265625 -0.015625
 endloop
endfacet
facet normal 0.015711544 -0.1414039 0.98982733
 outer loop
  vertex -0.8828125 0.265625 -0.015625
  vertex -0.8828125 0.2109375 -0.0234375
  vertex -0.8125 0.2734375 -0.015625
 endloop
endfacet
facet normal 0.6265721 -0.29555288 -0.721149
 outer loop
  vertex 1.0234375 0.359375 0.34375
  vertex 0.9453125 0.2890625 0.3046875
  vertex 0.953125 0.34375 0.2890625
 endloop
endfacet
facet normal -0.6265721 -0.29555288 -0.721149
 outer loop
  vertex -0.953125 0.34375 0.2890625
  vertex -0.9453125 0.2890625 0.3046875
  vertex -1.0234375 0.359375 0.34375
 endloop
endfacet
facet normal 0.27144465 -0.33531398 -0.90215427
 outer loop
  vertex 1.171875 0.4375 0.359375
  vertex 1.0234375 0.359375 0.34375
  vertex 1.0390625 0.4140625 0.328125
 endloop
endfacet
facet normal -0.27144465 -0.33531398 -0.90215427
 outer loop
  vertex -1.0390625 0.4140625 0.328125
  vertex -1.0234375 0.359375 0.34375
  vertex -1.171875 0.4375 0.359375
 endloop
endfacet
facet normal -0.86512524 0.1266037 -0.48531416
 outer loop
  vertex 1.234375 0.4453125 0.25
  vertex 1.171875 0.4375 0.359375
  vertex 1.1875 0.484375 0.34375
 endloop
endfacet
facet normal 0.86512524 0.1266037 -0.48531416
 outer loop
  vertex -1.1875 0.484375 0.34375
  vertex -1.171875 0.4375 0.359375
  vertex -1.234375 0.4453125 0.25
 endloop
endfacet
facet normal -0.8537656 0.4656903 0.23284516
 outer loop
  vertex 1.234375 0.4453125 0.25
  vertex 1.2578125 0.4921875 0.2421875
  vertex 1.2109375 0.484375 0.0859375
 endloop
endfacet
facet normal 0.80961704 0.53434724 0.24288513
 outer loop
  vertex -1.234375 0.4453125 0.25
  vertex -1.1875 0.4453125 0.09375
  vertex -1.2109375 0.484375 0.0859375
 endloop
endfacet
facet normal -0.5433054 0.4656903 0.6985355
 outer loop
  vertex 1.1875 0.4453125 0.09375
  vertex 1.2109375 0.484375 0.0859375
  vertex 1.046875 0.421875 0
 endloop
endfacet
facet normal 0.5621402 0.08030575 0.8231339
 outer loop
  vertex -1.1875 0.4453125 0.09375
  vertex -1.0390625 0.3671875 0
  vertex -1.046875 0.421875 0
 endloop
endfacet
facet normal -0.109559044 0.015651293 0.9938571
 outer loop
  vertex 1.0390625 0.3671875 0
  vertex 1.046875 0.421875 0
  vertex 0.8828125 0.265625 -0.015625
 endloop
endfacet
facet normal 0.0070708906 -0.14141782 0.9899247
 outer loop
  vertex -1.0390625 0.3671875 0
  vertex -0.8828125 0.2109375 -0.0234375
  vertex -0.8828125 0.265625 -0.015625
 endloop
endfacet
facet normal 0.17377724 -0.98473763 0.009654291
 outer loop
  vertex 0.8515625 0.3203125 0.015625
  vertex 0.9375 0.3359375 0.0625
  vertex 0.890625 0.328125 0.109375
 endloop
endfacet
facet normal -0.104604214 -0.9937401 0.03922658
 outer loop
  vertex -0.8515625 0.3203125 0.015625
  vertex -0.828125 0.3203125 0.078125
  vertex -0.890625 0.328125 0.109375
 endloop
endfacet
facet normal 0.4134491 -0.90958804 0.04134491
 outer loop
  vertex 0.9375 0.3359375 0.0625
  vertex 1 0.3671875 0.125
  vertex 0.9609375 0.3515625 0.171875
 endloop
endfacet
facet normal -0.24610576 -0.96549183 0.08519045
 outer loop
  vertex -0.9375 0.3359375 0.0625
  vertex -0.890625 0.328125 0.109375
  vertex -0.9609375 0.3515625 0.171875
 endloop
endfacet
facet normal 0.32280007 -0.9453431 -0.046114296
 outer loop
  vertex 0.9609375 0.3515625 0.171875
  vertex 1 0.3671875 0.125
  vertex 1.0546875 0.3828125 0.1875
 endloop
endfacet
facet normal -0.32280007 -0.9453431 -0.046114296
 outer loop
  vertex -1.0546875 0.3828125 0.1875
  vertex -1 0.3671875 0.125
  vertex -0.9609375 0.3515625 0.171875
 endloop
endfacet
facet normal 0.12202723 -0.9914713 0.045760214
 outer loop
  vertex 1.0546875 0.3828125 0.1875
  vertex 1.109375 0.390625 0.2109375
  vertex 1.0859375 0.390625 0.2734375
 endloop
endfacet
facet normal -0.21035801 -0.9775461 0.012374001
 outer loop
  vertex -1.0546875 0.3828125 0.1875
  vertex -1.015625 0.375 0.234375
  vertex -1.0859375 0.390625 0.2734375
 endloop
endfacet
facet normal 0.5678807 -0.80050653 0.19157422
 outer loop
  vertex 1.0390625 0.4140625 0.328125
  vertex 0.953125 0.34375 0.2890625
  vertex 1.015625 0.375 0.234375
 endloop
endfacet
facet normal -0.5678807 -0.80050653 0.19157422
 outer loop
  vertex -1.015625 0.375 0.234375
  vertex -0.953125 0.34375 0.2890625
  vertex -1.0390625 0.4140625 0.328125
 endloop
endfacet
facet normal 0.42442122 -0.9048981 -0.032031793
 outer loop
  vertex 0.9609375 0.3515625 0.171875
  vertex 1.015625 0.375 0.234375
  vertex 0.953125 0.34375 0.2890625
 endloop
endfacet
facet normal -0.37866533 -0.9248172 -0.036410127
 outer loop
  vertex -0.9609375 0.3515625 0.171875
  vertex -0.890625 0.3203125 0.234375
  vertex -0.953125 0.34375 0.2890625
 endloop
endfacet
facet normal 0.25698873 -0.9637078 0.07227808
 outer loop
  vertex 0.84375 0.3203125 0.171875
  vertex 0.890625 0.328125 0.109375
  vertex 0.9609375 0.3515625 0.171875
 endloop
endfacet
facet normal -0.25298223 -0.9486833 -0.18973666
 outer loop
  vertex -0.84375 0.3203125 0.171875
  vertex -0.890625 0.3203125 0.234375
  vertex -0.9609375 0.3515625 0.171875
 endloop
endfacet
facet normal 0.13507897 -0.990579 -0.02251316
 outer loop
  vertex 0.828125 0.3203125 0.078125
  vertex 0.890625 0.328125 0.109375
  vertex 0.84375 0.3203125 0.171875
 endloop
endfacet
facet normal -0.13507897 -0.990579 -0.02251316
 outer loop
  vertex -0.84375 0.3203125 0.171875
  vertex -0.890625 0.328125 0.109375
  vertex -0.828125 0.3203125 0.078125
 endloop
endfacet
facet normal -0.2981424 -0.5962848 0.74535596
 outer loop
  vertex 0.8828125 0.265625 -0.015625
  vertex 0.9375 0.3359375 0.0625
  vertex 0.8515625 0.3203125 0.015625
 endloop
endfacet
facet normal 0.48704863 -0.6262054 0.6088108
 outer loop
  vertex -0.8828125 0.265625 -0.015625
  vertex -0.8125 0.3203125 -0.015625
  vertex -0.8515625 0.3203125 0.015625
 endloop
endfacet
facet normal 0.55708605 -0.8170595 -0.14855628
 outer loop
  vertex 1.046875 0.421875 0
  vertex 1 0.3671875 0.125
  vertex 0.9375 0.3359375 0.0625
 endloop
endfacet
facet normal -0.55708605 -0.8170595 -0.14855628
 outer loop
  vertex -0.9375 0.3359375 0.0625
  vertex -1 0.3671875 0.125
  vertex -1.046875 0.421875 0
 endloop
endfacet
facet normal 0.4723203 -0.8587641 -0.1985892
 outer loop
  vertex 1.0546875 0.3828125 0.1875
  vertex 1 0.3671875 0.125
  vertex 1.046875 0.421875 0
 endloop
endfacet
facet normal -0.4388194 -0.87586224 -0.20075545
 outer loop
  vertex -1.0546875 0.3828125 0.1875
  vertex -1.2109375 0.484375 0.0859375
  vertex -1.046875 0.421875 0
 endloop
endfacet
facet normal 0.29752687 -0.8639722 -0.4062386
 outer loop
  vertex 1.109375 0.390625 0.2109375
  vertex 1.0546875 0.3828125 0.1875
  vertex 1.2109375 0.484375 0.0859375
 endloop
endfacet
facet normal -0.57860976 -0.8046292 -0.13335148
 outer loop
  vertex -1.109375 0.390625 0.2109375
  vertex -1.2578125 0.4921875 0.2421875
  vertex -1.2109375 0.484375 0.0859375
 endloop
endfacet
facet normal 0.5770894 -0.7874866 0.21640854
 outer loop
  vertex 1.1875 0.484375 0.34375
  vertex 1.0859375 0.390625 0.2734375
  vertex 1.109375 0.390625 0.2109375
 endloop
endfacet
facet normal -0.5770894 -0.7874866 0.21640854
 outer loop
  vertex -1.109375 0.390625 0.2109375
  vertex -1.0859375 0.390625 0.2734375
  vertex -1.1875 0.484375 0.34375
 endloop
endfacet
facet normal 0.09311669 0.069240615 -0.9932447
 outer loop
  vertex 1.0390625 0.328125 -0.1015625
  vertex 0.7734375 0.125 -0.140625
  vertex 0.7890625 0.328125 -0.125
 endloop
endfacet
facet normal -0.09311669 0.069240615 -0.9932447
 outer loop
  vertex -0.7890625 0.328125 -0.125
  vertex -0.7734375 0.125 -0.140625
  vertex -1.0390625 0.328125 -0.1015625
 endloop
endfacet
facet normal 0.5160672 0.08120855 -0.85268974
 outer loop
  vertex 1.28125 0.4296875 0.0546875
  vertex 1.0390625 0.328125 -0.1015625
  vertex 1.0390625 0.4921875 -0.0859375
 endloop
endfacet
facet normal -0.5160672 0.08120855 -0.85268974
 outer loop
  vertex -1.0390625 0.4921875 -0.0859375
  vertex -1.0390625 0.328125 -0.1015625
  vertex -1.28125 0.4296875 0.0546875
 endloop
endfacet
facet normal 0.9264147 -0.2850507 -0.24597116
 outer loop
  vertex 1.28125 0.4296875 0.0546875
  vertex 1.3125 0.53125 0.0546875
  vertex 1.3671875 0.5 0.296875
 endloop
endfacet
facet normal -0.9308895 -0.2624169 -0.25413007
 outer loop
  vertex -1.28125 0.4296875 0.0546875
  vertex -1.3515625 0.421875 0.3203125
  vertex -1.3671875 0.5 0.296875
 endloop
endfacet
facet normal 0.82666296 0.0034733738 0.56268656
 outer loop
  vertex 1.3515625 0.421875 0.3203125
  vertex 1.3671875 0.5 0.296875
  vertex 1.25 0.546875 0.46875
 endloop
endfacet
facet normal -0.8464949 0.059519175 0.52905935
 outer loop
  vertex -1.3515625 0.421875 0.3203125
  vertex -1.234375 0.421875 0.5078125
  vertex -1.25 0.546875 0.46875
 endloop
endfacet
facet normal -0.21456803 0.3156626 0.92429304
 outer loop
  vertex 1.234375 0.421875 0.5078125
  vertex 1.25 0.546875 0.46875
  vertex 1.0234375 0.484375 0.4375
 endloop
endfacet
facet normal 0.25107056 0.21452232 0.94389814
 outer loop
  vertex -1.234375 0.421875 0.5078125
  vertex -1.0234375 0.3125 0.4765625
  vertex -1.0234375 0.484375 0.4375
 endloop
endfacet
facet normal -0.41958177 0.20116934 0.8851451
 outer loop
  vertex 1.0234375 0.3125 0.4765625
  vertex 1.0234375 0.484375 0.4375
  vertex 0.859375 0.3828125 0.3828125
 endloop
endfacet
facet normal 0.4840985 0.03612675 0.8742674
 outer loop
  vertex -1.0234375 0.3125 0.4765625
  vertex -0.890625 0.234375 0.40625
  vertex -0.859375 0.3828125 0.3828125
 endloop
endfacet
facet normal -0.5470264 0.83699155 -0.014395432
 outer loop
  vertex 1.0390625 0.4921875 -0.0859375
  vertex 0.7890625 0.328125 -0.125
  vertex 0.859375 0.3828125 0.3828125
 endloop
endfacet
facet normal 0.5256307 0.85070753 -0.002993341
 outer loop
  vertex -1.0390625 0.4921875 -0.0859375
  vertex -1.0234375 0.484375 0.4375
  vertex -0.859375 0.3828125 0.3828125
 endloop
endfacet
facet normal -0.2555612 0.96388346 -0.07494824
 outer loop
  vertex 1.0234375 0.484375 0.4375
  vertex 1.25 0.546875 0.46875
  vertex 1.3125 0.53125 0.0546875
 endloop
endfacet
facet normal 0.2555612 0.96388346 -0.07494824
 outer loop
  vertex -1.3125 0.53125 0.0546875
  vertex -1.25 0.546875 0.46875
  vertex -1.0234375 0.484375 0.4375
 endloop
endfacet
facet normal -0.7330107 -0.04717396 0.6785792
 outer loop
  vertex 0.8203125 0.203125 0.328125
  vertex 0.890625 0.234375 0.40625
  vertex 0.859375 0.3828125 0.3828125
 endloop
endfacet
facet normal 0.80730927 -0.0040980163 0.59011436
 outer loop
  vertex -0.8203125 0.203125 0.328125
  vertex -0.7734375 0.4375 0.265625
  vertex -0.859375 0.3828125 0.3828125
 endloop
endfacet
facet normal 0.68435323 0.7087944 -0.17108831
 outer loop
  vertex 0.7734375 0.4375 0.265625
  vertex 0.859375 0.3828125 0.3828125
  vertex 0.7890625 0.328125 -0.125
 endloop
endfacet
facet normal -0.68435323 0.7087944 -0.17108831
 outer loop
  vertex -0.7890625 0.328125 -0.125
  vertex -0.859375 0.3828125 0.3828125
  vertex -0.7734375 0.4375 0.265625
 endloop
endfacet
facet normal -0.3603765 0.42901966 -0.828294
 outer loop
  vertex 0.59375 0.1640625 -0.125
  vertex 0.640625 0.4296875 -0.0078125
  vertex 0.7890625 0.328125 -0.125
 endloop
endfacet
facet normal 0.3603765 0.42901966 -0.828294
 outer loop
  vertex -0.7890625 0.328125 -0.125
  vertex -0.640625 0.4296875 -0.0078125
  vertex -0.59375 0.1640625 -0.125
 endloop
endfacet
endsolid 
